week,Temperature,Fuel_Price,CPI,Unemployment,MarkDown1,MarkDown2,MarkDown3,MarkDown4,MarkDown5,oosInd,holInd,promoInd1,promoInd2,promoInd3,promoInd4,promoInd5,sales,woy,month,year,corrected_Temperature,corrected_Fuel_Price,corrected_CPI,corrected_Unemployment,temperature_class,fuel_price_class,cpi_class,unemployment_class,meanSlsPerTmpClass,meanSlsPerFPClass,meanSlsPerCPIClass,meanSlsPerUnemplClass,meanSlsPerWoY,meanSlsPerMonth,medianSlsPerTmpClass,medianSlsPerFPClass,medianSlsPerCPIClass,medianSlsPerUnemplClass,medianSlsPerWoY,medianSlsPerMonth,stdSlsPerTmpClass,stdSlsPerFPClass,stdSlsPerCPIClass,stdSlsPerUnemplClass,stdSlsPerWoY,stdSlsPerMonth,varSlsPerTmpClass,varSlsPerFPClass,varSlsPerCPIClass,varSlsPerUnemplClass,varSlsPerWoY,varSlsPerMonth,madSlsPerTmpClass,madSlsPerFPClass,madSlsPerCPIClass,madSlsPerUnemplClass,madSlsPerWoY,madSlsPerMonth,maxSlsPerTmpClass,maxSlsPerFPClass,maxSlsPerCPIClass,maxSlsPerUnemplClass,maxSlsPerWoY,maxSlsPerMonth,minSlsPerTmpClass,minSlsPerFPClass,minSlsPerCPIClass,minSlsPerUnemplClass,minSlsPerWoY,minSlsPerMonth,sma,cma,ema,momentum,norm,kurtosis,skew
2010-01-04,70.28,2.603,211.3298742,8.163,0.0,0.0,0.0,0.0,0.0,0,0,0,0,0,0,0,800.17,1,1,2010,70.28,2.603,211.3298742,8.163,1,0,0,2,1137.929058743599,1147.2772431409894,1125.352340973294,1145.7314739136668,1223.485,906.2271367724342,955.2693371907621,1073.5112895412913,1060.46,1073.5112895412913,1223.485,800.17,662.9864186617874,444.37981012162027,435.1122291635611,444.96702374937524,598.6578141559668,297.97842789164895,439550.9913299828,197473.41564372726,189322.6519676833,197995.65222437706,358391.17845000006,88791.14348877865,385.7291694634648,224.76686181996322,227.40614947479537,225.7401008283969,423.315,194.8561823632456,3869.19,3762.39,3762.39,3762.39,1646.8,1646.8,541.75,800.17,642.64,800.17,800.17,642.64,800.17,800.17,800.17,1.0,0.20680555878620588,2.654864354618365,1.732050807568879
2011-01-03,71.965,3.524,214.6627793,7.891500000000001,0.0,0.0,0.0,0.0,0.0,0,0,0,0,0,0,0,1646.8,1,1,2011,71.965,3.524,214.6627793,7.891500000000001,1,2,1,1,1137.929058743599,831.5671328166793,839.7081772548048,846.9493329093012,1223.485,906.2271367724342,955.2693371907621,752.99,772.77,792.55,1223.485,800.17,662.9864186617874,278.10342678246803,265.6586931552889,274.57064672786163,598.6578141559668,297.97842789164895,439550.9913299828,77341.51598815156,70574.54124897596,75389.04004455618,358391.17845000006,88791.14348877865,385.7291694634648,211.72820238010343,205.57818354752587,214.35025572846118,423.315,194.8561823632456,3869.19,1646.8,1646.8,1646.8,1646.8,1646.8,541.75,465.23,465.23,465.23,800.17,642.64,1223.485,1223.485,884.8330000000001,2.0580626616843922,0.4256187987666669,2.654864354618365,1.732050807568879
2010-01-11,0.0,0.0,0.0,0.0,0.0,0.0,0.0,0.0,0.0,1,0,0,0,0,0,0,800.17,2,1,2010,70.28,2.603,211.3298742,8.163,1,0,0,2,1137.929058743599,1147.2772431409894,1125.352340973294,1145.7314739136668,904.55,906.2271367724342,955.2693371907621,1073.5112895412913,1060.46,1073.5112895412913,904.55,800.17,662.9864186617874,444.37981012162027,435.1122291635611,444.96702374937524,147.61561164050366,297.97842789164895,439550.9913299828,197473.41564372726,189322.6519676833,197995.65222437706,21790.368799999997,88791.14348877865,385.7291694634648,224.76686181996322,227.40614947479537,225.7401008283969,104.38,194.8561823632456,3869.19,3762.39,3762.39,3762.39,1008.93,1646.8,541.75,800.17,642.64,800.17,800.17,642.64,1082.3799999999999,1082.3799999999999,876.3667,0.48589385474860336,0.20680555878620588,2.654864354618365,1.732050807568879
2011-01-10,34.14,2.983,211.1176713,8.027999999999999,0.0,0.0,0.0,0.0,0.0,0,0,0,0,0,0,0,1008.93,2,1,2011,34.14,2.983,211.1176713,8.027999999999999,0,1,0,1,1241.74405030212,1204.1924083384008,1125.352340973294,846.9493329093012,904.55,906.2271367724342,1109.2338504463683,1004.2800751569296,1060.46,792.55,904.55,800.17,419.9906611187744,712.7183297571955,435.1122291635611,274.57064672786163,147.61561164050366,297.97842789164895,176392.1554269852,507967.41757188656,189322.6519676833,75389.04004455618,21790.368799999997,88791.14348877865,331.29166717807936,483.73243021085847,227.40614947479537,214.35025572846118,104.38,194.8561823632456,2338.17,3869.19,3762.39,1646.8,1008.93,1646.8,642.64,473.86,642.64,465.23,800.17,642.64,1064.0175,1064.0175,889.6230300000001,1.26089455990602,0.2607600040318516,2.654864354618365,1.6674866606395302
2010-01-18,0.0,0.0,0.0,0.0,0.0,0.0,0.0,0.0,0.0,1,0,0,0,0,0,0,800.17,3,1,2010,70.28,2.603,211.3298742,8.163,1,0,0,2,1137.929058743599,1147.2772431409894,1125.352340973294,1145.7314739136668,758.6800000000001,906.2271367724342,955.2693371907621,1073.5112895412913,1060.46,1073.5112895412913,758.6800000000001,800.17,662.9864186617874,444.37981012162027,435.1122291635611,444.96702374937524,58.675720702859685,297.97842789164895,439550.9913299828,197473.41564372726,189322.6519676833,197995.65222437706,3442.840199999997,88791.14348877865,385.7291694634648,224.76686181996322,227.40614947479537,225.7401008283969,41.48999999999995,194.8561823632456,3869.19,3762.39,3762.39,3762.39,800.17,1646.8,541.75,800.17,642.64,800.17,717.19,642.64,1064.0175,1011.2479999999999,880.677727,0.7930877266014491,0.20680555878620588,3.702954721999557,1.9323682615087956
2011-01-17,42.72,3.016,211.4864691,8.027999999999999,0.0,0.0,0.0,0.0,0.0,0,0,0,0,0,0,0,717.19,3,1,2011,42.72,3.016,211.4864691,8.027999999999999,0,1,0,1,1241.74405030212,1204.1924083384008,1125.352340973294,846.9493329093012,758.6800000000001,906.2271367724342,1109.2338504463683,1004.2800751569296,1060.46,792.55,758.6800000000001,800.17,419.9906611187744,712.7183297571955,435.1122291635611,274.57064672786163,58.675720702859685,297.97842789164895,176392.1554269852,507967.41757188656,189322.6519676833,75389.04004455618,3442.840199999997,88791.14348877865,331.29166717807936,483.73243021085847,227.40614947479537,214.35025572846118,41.48999999999995,194.8561823632456,2338.17,3869.19,3762.39,1646.8,800.17,1646.8,642.64,473.86,642.64,465.23,717.19,642.64,831.615,962.2383333333333,864.3289543000001,0.8962970368796632,0.18535920955031934,4.357546959139578,2.067479327081536
2010-01-25,0.0,0.0,0.0,0.0,0.0,0.0,0.0,0.0,0.0,1,0,0,0,0,0,0,800.17,4,1,2010,70.28,2.603,211.3298742,8.163,1,0,0,2,1137.929058743599,1147.2772431409894,1125.352340973294,1145.7314739136668,721.405,906.2271367724342,955.2693371907621,1073.5112895412913,1060.46,1073.5112895412913,721.405,800.17,662.9864186617874,444.37981012162027,435.1122291635611,444.96702374937524,111.39053124031682,297.97842789164895,439550.9913299828,197473.41564372726,189322.6519676833,197995.65222437706,12407.850449999996,88791.14348877865,385.7291694634648,224.76686181996322,227.40614947479537,225.7401008283969,78.76499999999999,194.8561823632456,3869.19,3762.39,3762.39,3762.39,800.17,1646.8,541.75,800.17,642.64,800.17,642.64,642.64,831.615,939.0857142857143,857.91305887,1.1157015574673377,0.20680555878620588,5.311328781126219,2.2730390673606236
2011-01-24,44.04,3.01,211.8552668,8.027999999999999,0.0,0.0,0.0,0.0,0.0,0,0,0,0,0,0,0,642.64,4,1,2011,44.04,3.01,211.8552668,8.027999999999999,0,1,0,1,1241.74405030212,1204.1924083384008,1125.352340973294,846.9493329093012,721.405,906.2271367724342,1109.2338504463683,1004.2800751569296,1060.46,792.55,721.405,800.17,419.9906611187744,712.7183297571955,435.1122291635611,274.57064672786163,111.39053124031682,297.97842789164895,176392.1554269852,507967.41757188656,189322.6519676833,75389.04004455618,12407.850449999996,88791.14348877865,331.29166717807936,483.73243021085847,227.40614947479537,214.35025572846118,78.76499999999999,194.8561823632456,2338.17,3869.19,3762.39,1646.8,800.17,1646.8,642.64,473.86,642.64,465.23,642.64,642.64,740.0425,902.03,836.385752983,0.803129335016309,0.16609161090564176,5.589926092546962,2.282596200735589
2011-01-31,0.0,0.0,0.0,0.0,0.0,0.0,0.0,0.0,0.0,1,0,0,0,0,0,0,939.8042309519082,5,1,2011,46.34350009009833,3.028568956898858,211.80688636448647,8.040799048400576,0,1,0,2,1241.74405030212,1204.1924083384008,1125.352340973294,1145.7314739136668,869.987115475954,906.2271367724342,1109.2338504463683,1004.2800751569296,1060.46,1073.5112895412913,869.987115475954,800.17,419.9906611187744,712.7183297571955,435.1122291635611,444.96702374937524,98.73631159186279,297.97842789164895,176392.1554269852,507967.41757188656,189322.6519676833,197995.65222437706,9748.859226765418,88791.14348877865,331.29166717807936,483.73243021085847,227.40614947479537,225.7401008283969,69.8171154759541,194.8561823632456,2338.17,3869.19,3762.39,3762.39,939.8042309519082,1646.8,642.64,473.86,642.64,800.17,800.17,642.64,774.9510577379771,906.2271367724342,846.7276007798907,1.4624116627534984,0.24289430887392663,5.876610119416894,2.292742612697508
2010-02-01,73.20500000000001,2.694,210.68013,8.1495,0.0,0.0,0.0,0.0,0.0,0,0,0,0,0,0,0,800.17,5,2,2010,73.20500000000001,2.694,210.68013,8.1495,1,0,0,2,1137.929058743599,1147.2772431409894,1125.352340973294,1145.7314739136668,869.987115475954,970.87125,955.2693371907621,1073.5112895412913,1060.46,1073.5112895412913,869.987115475954,877.0,662.9864186617874,444.37981012162027,435.1122291635611,444.96702374937524,98.73631159186279,228.09425040899842,439550.9913299828,197473.41564372726,189322.6519676833,197995.65222437706,9748.859226765418,52026.98706964287,385.7291694634648,224.76686181996322,227.40614947479537,225.7401008283969,69.8171154759541,191.7265625,3869.19,3762.39,3762.39,3762.39,939.8042309519082,1350.79,541.75,800.17,642.64,800.17,800.17,737.88,795.6960577379771,895.6214230951907,842.0718407019017,0.8514220022073368,0.20680555878620588,6.69911808746832,2.447940737449064
2010-02-08,0.0,0.0,0.0,0.0,0.0,0.0,0.0,0.0,0.0,1,0,0,0,0,0,0,800.17,6,2,2010,71.33921375188119,2.6359533164074866,211.09458601661362,8.158111321312738,1,0,0,2,1137.929058743599,1147.2772431409894,1125.352340973294,1145.7314739136668,1075.48,970.87125,955.2693371907621,1073.5112895412913,1060.46,1073.5112895412913,1075.48,877.0,662.9864186617874,444.37981012162027,435.1122291635611,444.96702374937524,389.34713585693675,228.09425040899842,439550.9913299828,197473.41564372726,189322.6519676833,197995.65222437706,151591.19219999996,52026.98706964287,385.7291694634648,224.76686181996322,227.40614947479537,225.7401008283969,275.31,191.7265625,3869.19,3762.39,3762.39,3762.39,1350.79,1350.79,541.75,800.17,642.64,800.17,800.17,737.88,795.6960577379771,886.944020995628,837.8816566317116,1.0,0.20680555878620588,7.513358148843348,2.592627181810191
2011-02-07,70.33,3.3525,216.90494755,7.6465,11.735,0.0,2.35,0.0,628.595,0,0,1,0,1,0,1,1350.79,6,2,2011,70.33,3.3525,216.90494755,7.6465,1,1,2,0,1137.929058743599,1204.1924083384008,1371.4393891717273,1435.5522026839935,1075.48,970.87125,955.2693371907621,1004.2800751569296,1350.79,1371.685,1075.48,877.0,662.9864186617874,712.7183297571955,848.7061781684581,842.2056836390994,389.34713585693675,228.09425040899842,439550.9913299828,507967.41757188656,720302.1768613106,709310.4135540029,151591.19219999996,52026.98706964287,385.7291694634648,483.73243021085847,565.4006817831757,547.8125173531354,275.31,191.7265625,3869.19,3869.19,3869.19,3869.19,1350.79,1350.79,541.75,473.86,473.86,541.75,800.17,737.88,972.733557737977,925.5978525793257,889.1724909685404,1.688128772635815,0.34911441412802163,2.9282587615090563,1.8270081892745031
2011-02-28,83.82,3.699,214.92548650000003,7.931,0.0,0.0,0.0,0.0,0.0,0,0,0,0,0,0,0,1190.13,9,2,2011,83.82,3.699,214.92548650000003,7.931,2,2,1,1,931.3716170470913,831.5671328166793,839.7081772548048,846.9493329093012,1072.0893371907623,970.87125,1017.71,752.99,772.77,792.55,1072.0893371907623,877.0,249.74764107810813,278.10342678246803,265.6586931552889,274.57064672786163,166.93470625633356,228.09425040899842,62373.88422407953,77341.51598815156,70574.54124897596,75389.04004455618,27867.196152888366,52026.98706964287,214.5130614840879,211.72820238010343,205.57818354752587,214.35025572846118,118.04066280923786,191.7265625,1335.95,1646.8,1646.8,1646.8,1190.13,1350.79,465.23,465.23,465.23,465.23,954.0486743815244,737.88,1035.315,945.9464793039929,919.2682418716864,0.88106219323507,0.30759151140161123,1.8522176756357234,1.5238456444061403
2010-02-15,39.75,2.514,210.9451605,8.324,0.0,0.0,0.0,0.0,0.0,0,0,0,0,0,0,0,953.83,7,2,2010,39.75,2.514,210.9451605,8.324,0,0,0,2,1241.74405030212,1147.2772431409894,1125.352340973294,1145.7314739136668,874.615,970.87125,1109.2338504463683,1073.5112895412913,1060.46,1073.5112895412913,874.615,877.0,419.9906611187744,444.37981012162027,435.1122291635611,444.96702374937524,112.02692734338477,228.09425040899842,176392.1554269852,197473.41564372726,189322.6519676833,197995.65222437706,12550.03245000001,52026.98706964287,331.29166717807936,224.76686181996322,227.40614947479537,225.7401008283969,79.21500000000003,191.7265625,2338.17,3762.39,3762.39,3762.39,953.83,1350.79,642.64,800.17,642.64,800.17,795.4,737.88,1073.73,946.5095879251363,922.7244176845178,0.8014502617361128,0.24651929732062783,2.1613116382952615,1.558460168980804
2011-02-14,59.87,3.045,212.90331150000003,8.027999999999999,0.0,0.0,0.0,0.0,0.0,0,0,0,0,0,0,0,795.4,7,2,2011,59.87,3.045,212.90331150000003,8.027999999999999,1,1,0,1,1137.929058743599,1204.1924083384008,1125.352340973294,846.9493329093012,874.615,970.87125,955.2693371907621,1004.2800751569296,1060.46,792.55,874.615,877.0,662.9864186617874,712.7183297571955,435.1122291635611,274.57064672786163,112.02692734338477,228.09425040899842,439550.9913299828,507967.41757188656,189322.6519676833,75389.04004455618,12550.03245000001,52026.98706964287,385.7291694634648,483.73243021085847,227.40614947479537,214.35025572846118,79.21500000000003,191.7265625,3869.19,3869.19,3762.39,1646.8,953.83,1350.79,541.75,473.86,642.64,465.23,795.4,737.88,1072.5375000000001,936.4356153967939,909.9919759160659,0.8339012192948428,0.20557274261537944,2.5517019711652837,1.6643915536713891
2010-02-22,45.31,2.5610000000000004,210.97595730000003,8.324,0.0,0.0,0.0,0.0,0.0,0,0,0,0,0,0,0,1138.6,8,2,2010,45.31,2.5610000000000004,210.97595730000003,8.324,0,0,0,2,1241.74405030212,1147.2772431409894,1125.352340973294,1145.7314739136668,938.24,970.87125,1109.2338504463683,1073.5112895412913,1060.46,1073.5112895412913,938.24,877.0,419.9906611187744,444.37981012162027,435.1122291635611,444.96702374937524,283.3518293570733,228.09425040899842,176392.1554269852,197473.41564372726,189322.6519676833,197995.65222437706,80288.25919999999,52026.98706964287,331.29166717807936,224.76686181996322,227.40614947479537,225.7401008283969,200.35999999999996,191.7265625,2338.17,3762.39,3762.39,3762.39,1138.6,1350.79,642.64,800.17,642.64,800.17,737.88,737.88,1019.49,949.0708894344942,932.8527783244593,1.4314810158410862,0.2942734784283015,2.0416800838071474,1.4840036362174112
2011-02-21,61.27,3.065,213.190421,8.027999999999999,0.0,0.0,0.0,0.0,0.0,0,0,0,0,0,0,0,737.88,8,2,2011,61.27,3.065,213.190421,8.027999999999999,1,1,1,1,1137.929058743599,1204.1924083384008,839.7081772548048,846.9493329093012,938.24,970.87125,955.2693371907621,1004.2800751569296,772.77,792.55,938.24,877.0,662.9864186617874,712.7183297571955,265.6586931552889,274.57064672786163,283.3518293570733,228.09425040899842,439550.9913299828,507967.41757188656,70574.54124897596,75389.04004455618,80288.25919999999,52026.98706964287,385.7291694634648,483.73243021085847,205.57818354752587,214.35025572846118,200.35999999999996,191.7265625,3869.19,3869.19,1646.8,1646.8,1138.6,1350.79,541.75,473.86,465.23,465.23,737.88,737.88,906.4275,936.6478959383476,913.3555004920134,0.6480590198489373,0.19070658199778248,2.2724414604173906,1.5575074904827613
2010-03-01,0.0,0.0,0.0,0.0,0.0,0.0,0.0,0.0,0.0,1,0,0,0,0,0,0,954.0486743815244,9,3,2010,54.985037007155,2.581776712754726,211.01880417145406,8.254239863810042,1,0,0,2,1137.929058743599,1147.2772431409894,1125.352340973294,1145.7314739136668,1072.0893371907623,948.4172046515685,955.2693371907621,1073.5112895412913,1060.46,1073.5112895412913,1072.0893371907623,954.048660199161,662.9864186617874,444.37981012162027,435.1122291635611,444.96702374937524,166.93470625633356,243.11537444674238,439550.9913299828,197473.41564372726,189322.6519676833,197995.65222437706,27867.196152888366,59105.08529237976,385.7291694634648,224.76686181996322,227.40614947479537,225.7401008283969,118.04066280923786,139.17810258593374,3869.19,3762.39,3762.39,3762.39,1190.13,1486.13,541.75,800.17,642.64,800.17,954.0486743815244,620.52,906.4821685953812,937.6146058518575,917.4248178809646,1.292959118530824,0.24657581415787913,2.5148307556271625,1.5801627855955276
2010-03-08,66.5,2.6425,211.22711805,8.131,0.0,0.0,0.0,0.0,0.0,0,0,0,0,0,0,0,954.048660199161,10,3,2010,66.5,2.6425,211.22711805,8.131,1,0,0,2,1137.929058743599,1147.2772431409894,1125.352340973294,1145.7314739136668,976.8394052565101,948.4172046515685,955.2693371907621,1073.5112895412913,1060.46,1073.5112895412913,976.8394052565101,954.048660199161,662.9864186617874,444.37981012162027,435.1122291635611,444.96702374937524,32.2309807566907,243.11537444674238,439550.9913299828,197473.41564372726,189322.6519676833,197995.65222437706,1038.8361205381661,59105.08529237976,385.7291694634648,224.76686181996322,227.40614947479537,225.7401008283969,22.790745057349113,139.17810258593374,3869.19,3762.39,3762.39,3762.39,999.6301503138592,1486.13,541.75,800.17,642.64,800.17,954.048660199161,620.52,946.1443336451714,938.4795560806627,921.0872021127842,0.9999999851345495,0.24657581049241856,2.755804655347832,1.6030274807038205
2011-03-07,0.0,0.0,0.0,0.0,0.0,0.0,0.0,0.0,0.0,1,0,0,0,0,0,0,999.6301503138592,10,3,2011,67.16183735045811,3.3050734717374266,213.8653036769847,7.959665407008554,1,1,1,1,1137.929058743599,1204.1924083384008,839.7081772548048,846.9493329093012,976.8394052565101,948.4172046515685,955.2693371907621,1004.2800751569296,772.77,792.55,976.8394052565101,954.048660199161,662.9864186617874,712.7183297571955,265.6586931552889,274.57064672786163,32.2309807566907,243.11537444674238,439550.9913299828,507967.41757188656,70574.54124897596,75389.04004455618,1038.8361205381661,59105.08529237976,385.7291694634648,483.73243021085847,205.57818354752587,214.35025572846118,22.790745057349113,139.17810258593374,3869.19,3869.19,1646.8,1646.8,999.6301503138592,1486.13,541.75,473.86,465.23,465.23,954.048660199161,620.52,911.4018712236361,941.5370857923226,928.9414969328917,1.0477769028103692,0.2583564390257028,2.881168449056454,1.5879048007859284
2010-03-15,54.68,2.72,210.8733316,8.324,0.0,0.0,0.0,0.0,0.0,0,0,0,0,0,0,0,974.53,11,3,2010,54.68,2.72,210.8733316,8.324,1,0,0,2,1137.929058743599,1147.2772431409894,1125.352340973294,1145.7314739136668,827.3,948.4172046515685,955.2693371907621,1073.5112895412913,1060.46,1073.5112895412913,827.3,954.048660199161,662.9864186617874,444.37981012162027,435.1122291635611,444.96702374937524,208.21466278819068,243.11537444674238,439550.9913299828,197473.41564372726,189322.6519676833,197995.65222437706,43353.34579999996,59105.08529237976,385.7291694634648,224.76686181996322,227.40614947479537,225.7401008283969,147.22999999999996,139.17810258593374,3869.19,3762.39,3762.39,3762.39,974.53,1486.13,541.75,800.17,642.64,800.17,680.07,620.52,970.5643712236362,943.1081769450691,933.5003472396025,0.9748905629687356,0.25186925428836526,3.077576190804948,1.5961997314847398
2011-03-14,63.26,3.488,214.0156238,8.027999999999999,0.0,0.0,0.0,0.0,0.0,0,0,0,0,0,0,0,680.07,11,3,2011,63.26,3.488,214.0156238,8.027999999999999,1,2,1,1,1137.929058743599,831.5671328166793,839.7081772548048,846.9493329093012,827.3,948.4172046515685,955.2693371907621,752.99,772.77,792.55,827.3,954.048660199161,662.9864186617874,278.10342678246803,265.6586931552889,274.57064672786163,208.21466278819068,243.11537444674238,439550.9913299828,77341.51598815156,70574.54124897596,75389.04004455618,43353.34579999996,59105.08529237976,385.7291694634648,211.72820238010343,205.57818354752587,214.35025572846118,147.22999999999996,139.17810258593374,3869.19,1646.8,1646.8,1646.8,974.53,1486.13,541.75,465.23,465.23,465.23,680.07,620.52,902.0697026282552,931.1518961748387,908.1573125156424,0.6978440889454405,0.17576547029223172,3.051642400408703,1.5858753756180322
2010-03-29,0.0,0.0,0.0,0.0,0.0,0.0,0.0,0.0,0.0,1,0,0,0,0,0,0,946.7873569695724,13,3,2010,55.45507707421408,2.674791952095769,210.89674022361277,8.276300964768442,1,0,0,2,1137.929058743599,1147.2772431409894,1125.352340973294,1145.7314739136668,1216.4586784847863,948.4172046515685,955.2693371907621,1073.5112895412913,1060.46,1073.5112895412913,1216.4586784847863,954.048660199161,662.9864186617874,444.37981012162027,435.1122291635611,444.96702374937524,381.3728402698908,243.11537444674238,439550.9913299828,197473.41564372726,189322.6519676833,197995.65222437706,145445.24329552363,59105.08529237976,385.7291694634648,224.76686181996322,227.40614947479537,225.7401008283969,269.67132151521383,139.17810258593374,3869.19,3762.39,3762.39,3762.39,1486.13,1486.13,541.75,800.17,642.64,800.17,946.7873569695724,620.52,900.2543768208579,931.831698818088,912.0203169610354,1.3921910347016813,0.2446991119509697,3.272728339912036,1.6059846516332885
2011-03-28,47.925,3.1385,212.85079755,8.027999999999999,0.0,0.0,0.0,0.0,0.0,0,0,0,0,0,0,0,1486.13,13,3,2011,47.925,3.1385,212.85079755,8.027999999999999,0,1,0,1,1241.74405030212,1204.1924083384008,1125.352340973294,846.9493329093012,1216.4586784847863,948.4172046515685,1109.2338504463683,1004.2800751569296,1060.46,792.55,1216.4586784847863,954.048660199161,419.9906611187744,712.7183297571955,435.1122291635611,274.57064672786163,381.3728402698908,243.11537444674238,176392.1554269852,507967.41757188656,189322.6519676833,75389.04004455618,145445.24329552363,59105.08529237976,331.29166717807936,483.73243021085847,227.40614947479537,214.35025572846118,269.67132151521383,139.17810258593374,2338.17,3869.19,3762.39,1646.8,1486.13,1486.13,642.64,473.86,642.64,465.23,946.7873569695724,620.52,1021.8793392423931,954.9274613673343,969.431285264932,1.5696555188027936,0.3840933115199822,1.6546560334659675,1.3710670633482722
2010-03-22,51.66,2.732,210.6766095,8.324,0.0,0.0,0.0,0.0,0.0,0,0,0,0,0,0,0,919.99,12,3,2010,51.66,2.732,210.6766095,8.324,0,0,0,2,1241.74405030212,1147.2772431409894,1125.352340973294,1145.7314739136668,770.255,948.4172046515685,1109.2338504463683,1073.5112895412913,1060.46,1073.5112895412913,770.255,954.048660199161,419.9906611187744,444.37981012162027,435.1122291635611,444.96702374937524,211.7572677619354,243.11537444674238,176392.1554269852,197473.41564372726,189322.6519676833,197995.65222437706,44841.140450000006,59105.08529237976,331.29166717807936,224.76686181996322,227.40614947479537,225.7401008283969,149.735,139.17810258593374,2338.17,3762.39,3762.39,3762.39,919.99,1486.13,642.64,800.17,642.64,800.17,620.52,620.52,1008.2443392423933,953.529962912641,964.4871567384388,0.6190508232792554,0.23777328071250056,1.8674397170002566,1.4121531439640054
2011-03-21,70.33,3.4730000000000003,214.2521573,8.027999999999999,0.0,0.0,0.0,0.0,0.0,0,0,0,0,0,0,0,620.52,12,3,2011,70.33,3.4730000000000003,214.2521573,8.027999999999999,1,2,1,1,1137.929058743599,831.5671328166793,839.7081772548048,846.9493329093012,770.255,948.4172046515685,955.2693371907621,752.99,772.77,792.55,770.255,954.048660199161,662.9864186617874,278.10342678246803,265.6586931552889,274.57064672786163,211.7572677619354,243.11537444674238,439550.9913299828,77341.51598815156,70574.54124897596,75389.04004455618,44841.140450000006,59105.08529237976,385.7291694634648,211.72820238010343,205.57818354752587,214.35025572846118,149.735,139.17810258593374,3869.19,1646.8,1646.8,1646.8,919.99,1486.13,541.75,465.23,465.23,465.23,620.52,620.52,993.3568392423932,940.7218874160009,930.090441064595,0.6744855922346982,0.16037465205895807,1.7996271797411585,1.3566577377851559
2010-04-12,67.87,2.8080000000000003,210.1495463,8.2,0.0,0.0,0.0,0.0,0.0,0,0,0,0,0,0,0,996.69,15,4,2010,67.87,2.8080000000000003,210.1495463,8.2,1,0,0,2,1137.929058743599,1147.2772431409894,1125.352340973294,1145.7314739136668,1217.395,1069.248785271585,955.2693371907621,1073.5112895412913,1060.46,1073.5112895412913,1217.395,1058.1351410863401,662.9864186617874,444.37981012162027,435.1122291635611,444.96702374937524,312.1240042835538,218.80788575402127,439550.9913299828,197473.41564372726,189322.6519676833,197995.65222437706,97421.39404999993,47876.89086814483,385.7291694634648,224.76686181996322,227.40614947479537,225.7401008283969,220.70499999999993,159.8881399515991,3869.19,3762.39,3762.39,3762.39,1438.1,1438.1,541.75,800.17,642.64,800.17,996.69,714.5,1005.8325000000001,942.7947804746676,936.7503969581355,1.606217366080062,0.25759655121614605,1.900257473780023,1.3484417526048558
2011-04-11,63.510000000000005,3.5375,216.2137118,7.686,0.0,0.0,0.0,0.0,0.0,0,0,0,0,0,0,0,1438.1,15,4,2011,63.510000000000005,3.5375,216.2137118,7.686,1,2,2,0,1137.929058743599,831.5671328166793,1371.4393891717273,1435.5522026839935,1217.395,1069.248785271585,955.2693371907621,752.99,1350.79,1371.685,1217.395,1058.1351410863401,662.9864186617874,278.10342678246803,848.7061781684581,842.2056836390994,312.1240042835538,218.80788575402127,439550.9913299828,77341.51598815156,720302.1768613106,709310.4135540029,97421.39404999993,47876.89086814483,385.7291694634648,211.72820238010343,565.4006817831757,547.8125173531354,220.70499999999993,159.8881399515991,3869.19,1646.8,3869.19,3869.19,1438.1,1438.1,541.75,465.23,473.86,541.75,996.69,714.5,993.825,960.4842526005723,986.885357262322,1.4428759192928593,0.3716798606426668,0.957189112579222,1.1688554749421138
2010-04-19,64.21,2.795,210.1000648,8.2,0.0,0.0,0.0,0.0,0.0,0,0,0,0,0,0,0,1179.56,16,4,2010,64.21,2.795,210.1000648,8.2,1,0,0,2,1137.929058743599,1147.2772431409894,1125.352340973294,1145.7314739136668,947.03,1069.248785271585,955.2693371907621,1073.5112895412913,1060.46,1073.5112895412913,947.03,1058.1351410863401,662.9864186617874,444.37981012162027,435.1122291635611,444.96702374937524,328.84707965861577,218.80788575402127,439550.9913299828,197473.41564372726,189322.6519676833,197995.65222437706,108140.40179999998,47876.89086814483,385.7291694634648,224.76686181996322,227.40614947479537,225.7401008283969,232.52999999999997,159.8881399515991,3869.19,3762.39,3762.39,3762.39,1179.56,1438.1,541.75,800.17,642.64,800.17,714.5,714.5,1058.7175000000002,968.038588717794,1006.1528215360898,0.8202211250956123,0.3048596734717085,0.7476955933689893,1.0719070716306207
2011-04-18,70.79,3.807,215.1096657,7.931,0.0,0.0,0.0,0.0,0.0,0,0,0,0,0,0,0,714.5,16,4,2011,70.79,3.807,215.1096657,7.931,1,2,1,1,1137.929058743599,831.5671328166793,839.7081772548048,846.9493329093012,947.03,1069.248785271585,955.2693371907621,752.99,772.77,792.55,947.03,1058.1351410863401,662.9864186617874,278.10342678246803,265.6586931552889,274.57064672786163,328.84707965861577,218.80788575402127,439550.9913299828,77341.51598815156,70574.54124897596,75389.04004455618,108140.40179999998,47876.89086814483,385.7291694634648,211.72820238010343,205.57818354752587,214.35025572846118,232.52999999999997,159.8881399515991,3869.19,1646.8,1646.8,1646.8,1179.56,1438.1,541.75,465.23,465.23,465.23,714.5,714.5,1082.2125,959.5873024272008,976.9875393824809,0.6057343416189088,0.18466397359654088,0.806023799394485,1.105896827955835
2010-04-26,52.99,2.676,210.4015943,8.262,0.0,0.0,0.0,0.0,0.0,0,0,0,0,0,0,0,1079.8677008927366,17,4,2010,52.99,2.676,210.4015943,8.262,0,0,0,2,1241.74405030212,1147.2772431409894,1125.352340973294,1145.7314739136668,984.8588504463683,1069.248785271585,1109.2338504463683,1073.5112895412913,1060.46,1073.5112895412913,984.8588504463683,1058.1351410863401,419.9906611187744,444.37981012162027,435.1122291635611,444.96702374937524,134.36280484673108,218.80788575402127,176392.1554269852,197473.41564372726,189322.6519676833,197995.65222437706,18053.363326280738,47876.89086814483,331.29166717807936,224.76686181996322,227.40614947479537,225.7401008283969,95.00885044636829,159.8881399515991,2338.17,3762.39,3762.39,3762.39,1079.8677008927366,1438.1,642.64,800.17,642.64,800.17,889.85,714.5,1103.0069252231842,963.4673152809278,987.2755555335066,1.5113613728379798,0.2790939966485845,0.7957657710190915,1.0647334255857102
2011-04-25,70.19,3.81,215.27726830000003,7.931,0.0,0.0,0.0,0.0,0.0,0,0,0,0,0,0,0,889.85,17,4,2011,70.19,3.81,215.27726830000003,7.931,1,2,1,1,1137.929058743599,831.5671328166793,839.7081772548048,846.9493329093012,984.8588504463683,1069.248785271585,955.2693371907621,752.99,772.77,792.55,984.8588504463683,1058.1351410863401,662.9864186617874,278.10342678246803,265.6586931552889,274.57064672786163,134.36280484673108,218.80788575402127,439550.9913299828,77341.51598815156,70574.54124897596,75389.04004455618,18053.363326280738,47876.89086814483,385.7291694634648,211.72820238010343,205.57818354752587,214.35025572846118,95.00885044636829,159.8881399515991,3869.19,1646.8,1646.8,1646.8,1079.8677008927366,1438.1,541.75,465.23,465.23,465.23,889.85,714.5,965.9444252231841,961.1667741783988,977.532999980156,0.8240361289298243,0.2299835366058529,0.9400172465062133,1.1042083861736256
2010-04-05,82.68,2.705,210.833616,8.2,0.0,0.0,0.0,0.0,0.0,0,0,0,0,0,0,0,1219.02,14,4,2010,82.68,2.705,210.833616,8.2,2,0,0,2,931.3716170470913,1147.2772431409894,1125.352340973294,1145.7314739136668,1127.7112906399718,1069.248785271585,1017.71,1073.5112895412913,1060.46,1073.5112895412913,1127.7112906399718,1058.1351410863401,249.74764107810813,444.37981012162027,435.1122291635611,444.96702374937524,129.130015139735,218.80788575402127,62373.88422407953,197473.41564372726,189322.6519676833,197995.65222437706,16674.56080998819,47876.89086814483,214.5130614840879,224.76686181996322,227.40614947479537,225.7401008283969,91.30870936002816,159.8881399515991,1335.95,3762.39,3762.39,3762.39,1219.02,1438.1,465.23,800.17,642.64,800.17,1036.4025812799437,714.5,975.8094252231841,968.9805082942049,1001.6816999821405,1.369916278024386,0.31505819047397515,0.6776272307207662,1.0025106922675728
2011-04-04,0.0,0.0,0.0,0.0,0.0,0.0,0.0,0.0,0.0,1,0,0,0,0,0,0,1036.4025812799437,14,4,2011,60.572717082369564,3.312026302175891,213.6204643199669,8.009233612399722,1,1,1,1,1137.929058743599,1204.1924083384008,839.7081772548048,846.9493329093012,1127.7112906399718,1069.248785271585,955.2693371907621,1004.2800751569296,772.77,792.55,1127.7112906399718,1058.1351410863401,662.9864186617874,712.7183297571955,265.6586931552889,274.57064672786163,129.130015139735,218.80788575402127,439550.9913299828,507967.41757188656,70574.54124897596,75389.04004455618,16674.56080998819,47876.89086814483,385.7291694634648,483.73243021085847,205.57818354752587,214.35025572846118,91.30870936002816,159.8881399515991,3869.19,3869.19,1646.8,1646.8,1219.02,1438.1,541.75,473.86,465.23,465.23,1036.4025812799437,714.5,1056.2850705431701,970.9635104408442,1005.1537881119208,0.8501932546471294,0.26786034836230416,0.734435169120895,0.9877669828488768
2010-05-10,65.895,2.7715,210.8059819,8.1815,0.0,0.0,0.0,0.0,0.0,0,0,0,0,0,0,0,1077.516505577919,19,5,2010,65.895,2.7715,210.8059819,8.1815,1,0,0,2,1137.929058743599,1147.2772431409894,1125.352340973294,1145.7314739136668,1015.2482527889595,1068.9675159865023,955.2693371907621,1073.5112895412913,1060.46,1073.5112895412913,1015.2482527889595,1075.3332527889595,662.9864186617874,444.37981012162027,435.1122291635611,444.96702374937524,88.06060759942274,189.09038710749175,439550.9913299828,197473.41564372726,189322.6519676833,197995.65222437706,7754.670610779511,35755.17449646108,385.7291694634648,224.76686181996322,227.40614947479537,225.7401008283969,62.268252788959444,140.62201278920173,3869.19,3762.39,3762.39,3762.39,1077.516505577919,1335.95,541.75,800.17,642.64,800.17,952.98,679.03,1055.6972717144656,974.007881730475,1012.3900598585207,1.0396698397327417,0.27848632545259316,0.7448270576056562,0.9554289579648247
2011-05-09,75.04,3.899,215.6124735,7.931,0.0,0.0,0.0,0.0,0.0,0,0,0,0,0,0,0,952.98,19,5,2011,75.04,3.899,215.6124735,7.931,2,2,1,1,931.3716170470913,831.5671328166793,839.7081772548048,846.9493329093012,1015.2482527889595,1068.9675159865023,1017.71,752.99,772.77,792.55,1015.2482527889595,1075.3332527889595,249.74764107810813,278.10342678246803,265.6586931552889,274.57064672786163,88.06060759942274,189.09038710749175,62373.88422407953,77341.51598815156,70574.54124897596,75389.04004455618,7754.670610779511,35755.17449646108,214.5130614840879,211.72820238010343,205.57818354752587,214.35025572846118,62.268252788959444,140.62201278920173,1335.95,1646.8,1646.8,1646.8,1077.516505577919,1335.95,465.23,465.23,465.23,465.23,952.98,679.03,1071.4797717144656,973.4237739046285,1006.4490538726686,0.8844226469541415,0.24629961309731493,0.8599515485558857,0.9751536655887298
2010-05-31,0.0,0.0,0.0,0.0,0.0,0.0,0.0,0.0,0.0,1,0,0,0,0,0,0,1209.9086542871032,22,5,2010,70.53059933154309,2.7571710812256884,210.54924379650822,8.215487886410878,1,0,0,2,1137.929058743599,1147.2772431409894,1125.352340973294,1145.7314739136668,1083.1993271435517,1068.9675159865023,955.2693371907621,1073.5112895412913,1060.46,1073.5112895412913,1083.1993271435517,1075.3332527889595,662.9864186617874,444.37981012162027,435.1122291635611,444.96702374937524,179.19404892558012,189.09038710749175,439550.9913299828,197473.41564372726,189322.6519676833,197995.65222437706,32110.507170343197,35755.17449646108,385.7291694634648,224.76686181996322,227.40614947479537,225.7401008283969,126.7093271435516,140.62201278920173,3869.19,3762.39,3762.39,3762.39,1209.9086542871032,1335.95,541.75,800.17,642.64,800.17,956.49,679.03,1069.2019352862415,979.8152571582089,1026.7950139141121,1.269605505138726,0.3127033447018893,0.6658610473269229,0.8923153146310607
2011-05-30,61.87,3.906,215.44487090000004,7.931,0.0,0.0,0.0,0.0,0.0,0,0,0,0,0,0,0,956.49,22,5,2011,61.87,3.906,215.44487090000004,7.931,1,2,1,1,1137.929058743599,831.5671328166793,839.7081772548048,846.9493329093012,1083.1993271435517,1068.9675159865023,955.2693371907621,752.99,772.77,792.55,1083.1993271435517,1075.3332527889595,662.9864186617874,278.10342678246803,265.6586931552889,274.57064672786163,179.19404892558012,189.09038710749175,439550.9913299828,77341.51598815156,70574.54124897596,75389.04004455618,32110.507170343197,35755.17449646108,385.7291694634648,211.72820238010343,205.57818354752587,214.35025572846118,126.7093271435516,140.62201278920173,3869.19,1646.8,1646.8,1646.8,1209.9086542871032,1335.95,541.75,465.23,465.23,465.23,956.49,679.03,1049.2237899662555,979.2014346014139,1019.7645125227009,0.7905472835580126,0.24720677971358346,0.7730449143708364,0.9111119884222849
2010-05-03,48.61,2.625,211.0067542,8.324,0.0,0.0,0.0,0.0,0.0,0,0,0,0,0,0,0,1073.15,18,5,2010,48.61,2.625,211.0067542,8.324,0,0,0,2,1241.74405030212,1147.2772431409894,1125.352340973294,1145.7314739136668,876.09,1068.9675159865023,1109.2338504463683,1073.5112895412913,1060.46,1073.5112895412913,876.09,1075.3332527889595,419.9906611187744,444.37981012162027,435.1122291635611,444.96702374937524,278.6849246012422,189.09038710749175,176392.1554269852,197473.41564372726,189322.6519676833,197995.65222437706,77665.28720000005,35755.17449646108,331.29166717807936,224.76686181996322,227.40614947479537,225.7401008283969,197.06000000000006,140.62201278920173,2338.17,3762.39,3762.39,3762.39,1073.15,1335.95,642.64,800.17,642.64,800.17,679.03,679.03,1048.132163571776,981.6103721757366,1025.1030612704308,1.121966774352058,0.277357793233209,0.7970580524829192,0.8855251666285169
2011-05-02,94.22,3.684,215.1978515,7.852,0.0,0.0,0.0,0.0,0.0,0,0,0,0,0,0,0,679.03,18,5,2011,94.22,3.684,215.1978515,7.852,2,2,1,1,931.3716170470913,831.5671328166793,839.7081772548048,846.9493329093012,876.09,1068.9675159865023,1017.71,752.99,772.77,792.55,876.09,1075.3332527889595,249.74764107810813,278.10342678246803,265.6586931552889,274.57064672786163,278.6849246012422,189.09038710749175,62373.88422407953,77341.51598815156,70574.54124897596,75389.04004455618,77665.28720000005,35755.17449646108,214.5130614840879,211.72820238010343,205.57818354752587,214.35025572846118,197.06000000000006,140.62201278920173,1335.95,1646.8,1646.8,1646.8,1073.15,1335.95,465.23,465.23,465.23,465.23,679.03,679.03,979.6446635717758,974.0458628713432,990.4957551433878,0.6327447234776126,0.1754966801837077,0.7595862168008556,0.8853682497593343
2010-05-17,74.24,2.826,210.2768443,8.2,0.0,0.0,0.0,0.0,0.0,0,0,0,0,0,0,0,1261.87,20,5,2010,74.24,2.826,210.2768443,8.2,2,0,0,2,931.3716170470913,1147.2772431409894,1125.352340973294,1145.7314739136668,1210.195,1068.9675159865023,1017.71,1073.5112895412913,1060.46,1073.5112895412913,1210.195,1075.3332527889595,249.74764107810813,444.37981012162027,435.1122291635611,444.96702374937524,73.07948583562963,189.09038710749175,62373.88422407953,197473.41564372726,189322.6519676833,197995.65222437706,5340.611249999991,35755.17449646108,214.5130614840879,224.76686181996322,227.40614947479537,225.7401008283969,51.674999999999955,140.62201278920173,1335.95,3762.39,3762.39,3762.39,1261.87,1335.95,465.23,800.17,642.64,800.17,1158.52,679.03,992.635,981.0659637769202,1017.633179629049,1.8583420467431482,0.3261328598492191,0.5160762427237584,0.8012473545210657
2011-05-16,68.36,3.907,215.3834778,7.931,0.0,0.0,0.0,0.0,0.0,0,0,0,0,0,0,0,1158.52,20,5,2011,68.36,3.907,215.3834778,7.931,1,2,1,1,1137.929058743599,831.5671328166793,839.7081772548048,846.9493329093012,1210.195,1068.9675159865023,955.2693371907621,752.99,772.77,792.55,1210.195,1075.3332527889595,662.9864186617874,278.10342678246803,265.6586931552889,274.57064672786163,73.07948583562963,189.09038710749175,439550.9913299828,77341.51598815156,70574.54124897596,75389.04004455618,5340.611249999991,35755.17449646108,385.7291694634648,211.72820238010343,205.57818354752587,214.35025572846118,51.674999999999955,140.62201278920173,3869.19,1646.8,1646.8,1646.8,1261.87,1335.95,541.75,465.23,465.23,465.23,1158.52,679.03,1043.1425,985.2910598774697,1031.7218616661442,0.9180977438246413,0.29942184281464596,0.44692275144427107,0.7483243347190818
2010-05-24,80.94,2.759,210.5552301,8.2,0.0,0.0,0.0,0.0,0.0,0,0,0,0,0,0,0,1335.95,21,5,2010,80.94,2.759,210.5552301,8.2,2,0,0,2,931.3716170470913,1147.2772431409894,1125.352340973294,1145.7314739136668,1160.105,1068.9675159865023,1017.71,1073.5112895412913,1060.46,1073.5112895412913,1160.105,1075.3332527889595,249.74764107810813,444.37981012162027,435.1122291635611,444.96702374937524,248.68238387549692,189.09038710749175,62373.88422407953,197473.41564372726,189322.6519676833,197995.65222437706,61842.92805000002,35755.17449646108,214.5130614840879,224.76686181996322,227.40614947479537,225.7401008283969,175.84500000000003,140.62201278920173,1335.95,3762.39,3762.39,3762.39,1335.95,1335.95,465.23,800.17,642.64,800.17,984.26,679.03,1108.8425,993.4459189500867,1062.1446754995297,1.1531522977592101,0.345278986041006,0.18100528564737806,0.6718970961095257
2011-05-23,76.86,3.786,215.1544822,7.931,0.0,0.0,0.0,0.0,0.0,0,0,0,0,0,0,0,984.26,21,5,2011,76.86,3.786,215.1544822,7.931,2,2,1,1,931.3716170470913,831.5671328166793,839.7081772548048,846.9493329093012,1160.105,1068.9675159865023,1017.71,752.99,772.77,792.55,1160.105,1075.3332527889595,249.74764107810813,278.10342678246803,265.6586931552889,274.57064672786163,248.68238387549692,189.09038710749175,62373.88422407953,77341.51598815156,70574.54124897596,75389.04004455618,61842.92805000002,35755.17449646108,214.5130614840879,211.72820238010343,205.57818354752587,214.35025572846118,175.84500000000003,140.62201278920173,1335.95,1646.8,1646.8,1646.8,1335.95,1335.95,465.23,465.23,465.23,465.23,984.26,679.03,1185.15,993.2371480648574,1054.3562079495769,0.7367491298327032,0.2543839925152293,0.25852967734341137,0.6818378901316504
2010-07-05,70.87,2.835,210.0011018,8.2,0.0,0.0,0.0,0.0,0.0,0,0,0,0,0,0,0,1182.04,27,7,2010,70.87,2.835,210.0011018,8.2,1,0,0,2,1137.929058743599,1147.2772431409894,1125.352340973294,1145.7314739136668,861.895,817.88875,955.2693371907621,1073.5112895412913,1060.46,1073.5112895412913,861.895,811.25,662.9864186617874,444.37981012162027,435.1122291635611,444.96702374937524,452.7534009259345,284.4450022882907,439550.9913299828,197473.41564372726,189322.6519676833,197995.65222437706,204985.64204999997,80908.95932678571,385.7291694634648,224.76686181996322,227.40614947479537,225.7401008283969,320.145,261.53875,3869.19,3762.39,3762.39,3762.39,1182.04,1182.04,541.75,800.17,642.64,800.17,541.75,539.93,1165.1925,997.4327669967495,1067.1245871546191,1.200942840306423,0.3055006344997273,0.19185095978000177,0.6305267552156655
2011-07-04,71.64,3.285,216.6958311,7.441,0.0,0.0,0.0,0.0,0.0,0,0,0,0,0,0,0,541.75,27,7,2011,71.64,3.285,216.6958311,7.441,1,1,2,0,1137.929058743599,1204.1924083384008,1371.4393891717273,1435.5522026839935,861.895,817.88875,955.2693371907621,1004.2800751569296,1350.79,1371.685,861.895,811.25,662.9864186617874,712.7183297571955,848.7061781684581,842.2056836390994,452.7534009259345,284.4450022882907,439550.9913299828,507967.41757188656,720302.1768613106,709310.4135540029,204985.64204999997,80908.95932678571,385.7291694634648,483.73243021085847,565.4006817831757,547.8125173531354,320.145,261.53875,3869.19,3869.19,3869.19,3869.19,1182.04,1182.04,541.75,473.86,473.86,541.75,541.75,539.93,1011.0,987.5266198881245,1014.5871284391571,0.4583178234239112,0.14001638585853887,0.1528098819039041,0.5382089695722961
2010-07-12,85.61,2.623,210.7577954,8.099,0.0,0.0,0.0,0.0,0.0,0,0,0,0,0,0,0,1020.23,28,7,2010,85.61,2.623,210.7577954,8.099,2,0,0,2,931.3716170470913,1147.2772431409894,1125.352340973294,1145.7314739136668,811.25,817.88875,1017.71,1073.5112895412913,1060.46,1073.5112895412913,811.25,811.25,249.74764107810813,444.37981012162027,435.1122291635611,444.96702374937524,295.54235026472946,284.4450022882907,62373.88422407953,197473.41564372726,189322.6519676833,197995.65222437706,87345.28080000002,80908.95932678571,214.5130614840879,224.76686181996322,227.40614947479537,225.7401008283969,208.98000000000002,261.53875,1335.95,3762.39,3762.39,3762.39,1020.23,1182.04,465.23,800.17,642.64,800.17,602.27,539.93,932.07,988.2224364862495,1015.1514155952415,1.8832118135671436,0.26368051194177594,0.21287423666600347,0.5342588965150635
2011-07-11,91.05,3.575,215.0134426,7.852,0.0,0.0,0.0,0.0,0.0,0,0,0,0,0,0,0,602.27,28,7,2011,91.05,3.575,215.0134426,7.852,2,2,1,1,931.3716170470913,831.5671328166793,839.7081772548048,846.9493329093012,811.25,817.88875,1017.71,752.99,772.77,792.55,811.25,811.25,249.74764107810813,278.10342678246803,265.6586931552889,274.57064672786163,295.54235026472946,284.4450022882907,62373.88422407953,77341.51598815156,70574.54124897596,75389.04004455618,87345.28080000002,80908.95932678571,214.5130614840879,211.72820238010343,205.57818354752587,214.35025572846118,208.98000000000002,261.53875,1335.95,1646.8,1646.8,1646.8,1020.23,1182.04,465.23,465.23,465.23,465.23,602.27,539.93,836.5725,980.1817607261193,973.8632740357173,0.5903276712113935,0.1556579025584166,0.14585885901088114,0.512572517870833
2010-07-19,87.17,2.608,210.8921319,8.099,0.0,0.0,0.0,0.0,0.0,0,0,0,0,0,0,0,1031.71,29,7,2010,87.17,2.608,210.8921319,8.099,2,0,0,2,931.3716170470913,1147.2772431409894,1125.352340973294,1145.7314739136668,785.8199999999999,817.88875,1017.71,1073.5112895412913,1060.46,1073.5112895412913,785.8199999999999,811.25,249.74764107810813,444.37981012162027,435.1122291635611,444.96702374937524,347.74097285192033,284.4450022882907,62373.88422407953,197473.41564372726,189322.6519676833,197995.65222437706,120923.78420000001,80908.95932678571,214.5130614840879,224.76686181996322,227.40614947479537,225.7401008283969,245.89000000000004,261.53875,1335.95,3762.39,3762.39,3762.39,1031.71,1182.04,465.23,800.17,642.64,800.17,539.93,539.93,798.99,981.2333574459944,979.6479466321456,1.7130356816710115,0.2666475412166371,0.19639795252636194,0.5033721626665281
2011-07-18,90.27,3.651,215.0749122,7.852,0.0,0.0,0.0,0.0,0.0,0,0,0,0,0,0,0,539.93,29,7,2011,90.27,3.651,215.0749122,7.852,2,2,1,1,931.3716170470913,831.5671328166793,839.7081772548048,846.9493329093012,785.8199999999999,817.88875,1017.71,752.99,772.77,792.55,785.8199999999999,811.25,249.74764107810813,278.10342678246803,265.6586931552889,274.57064672786163,347.74097285192033,284.4450022882907,62373.88422407953,77341.51598815156,70574.54124897596,75389.04004455618,120923.78420000001,80908.95932678571,214.5130614840879,211.72820238010343,205.57818354752587,214.35025572846118,245.89000000000004,261.53875,1335.95,1646.8,1646.8,1646.8,1031.71,1182.04,465.23,465.23,465.23,465.23,539.93,539.93,798.535,972.4072902970745,935.676151968931,0.5233350457008267,0.13954600316862184,0.131924211075356,0.4499928796063998
2010-07-26,83.59,2.64,211.0264684,8.099,0.0,0.0,0.0,0.0,0.0,0,0,0,0,0,0,0,1083.73,30,7,2010,83.59,2.64,211.0264684,8.099,2,0,0,2,931.3716170470913,1147.2772431409894,1125.352340973294,1145.7314739136668,812.59,817.88875,1017.71,1073.5112895412913,1060.46,1073.5112895412913,812.59,811.25,249.74764107810813,444.37981012162027,435.1122291635611,444.96702374937524,383.449865301841,284.4450022882907,62373.88422407953,197473.41564372726,189322.6519676833,197995.65222437706,147033.79919999998,80908.95932678571,214.5130614840879,224.76686181996322,227.40614947479537,225.7401008283969,271.14,261.53875,1335.95,3762.39,3762.39,3762.39,1083.73,1182.04,465.23,800.17,642.64,800.17,541.45,539.93,814.41,974.5900885265437,950.481536772038,2.007167595799456,0.28009221568338594,0.15201791047276147,0.42550998003212853
2011-07-25,91.56,3.682,215.1363819,7.852,0.0,0.0,0.0,0.0,0.0,0,0,0,0,0,0,0,541.45,30,7,2011,91.56,3.682,215.1363819,7.852,2,2,1,1,931.3716170470913,831.5671328166793,839.7081772548048,846.9493329093012,812.59,817.88875,1017.71,752.99,772.77,792.55,812.59,811.25,249.74764107810813,278.10342678246803,265.6586931552889,274.57064672786163,383.449865301841,284.4450022882907,62373.88422407953,77341.51598815156,70574.54124897596,75389.04004455618,147033.79919999998,80908.95932678571,214.5130614840879,211.72820238010343,205.57818354752587,214.35025572846118,271.14,261.53875,1335.95,1646.8,1646.8,1646.8,1083.73,1182.04,465.23,465.23,465.23,465.23,541.45,539.93,799.2049999999999,966.2604714394947,909.5783830948342,0.49961706329067207,0.1399388502503108,0.08123741780739602,0.3900310425002611
2010-08-30,65.74,2.77,210.2831653,8.2,0.0,0.0,0.0,0.0,0.0,0,0,0,0,0,0,0,1416.3,35,8,2010,65.74,2.77,210.2831653,8.2,1,0,0,2,1137.929058743599,1147.2772431409894,1125.352340973294,1145.7314739136668,1033.4774292879652,918.988563244041,955.2693371907621,1073.5112895412913,1060.46,1073.5112895412913,1033.4774292879652,908.785,662.9864186617874,444.37981012162027,435.1122291635611,444.96702374937524,541.3928714834931,304.1678204840797,439550.9913299828,197473.41564372726,189322.6519676833,197995.65222437706,293106.241293142,92518.06301803533,385.7291694634648,224.76686181996322,227.40614947479537,225.7401008283969,382.8225707120349,262.885311220282,3869.19,3762.39,3762.39,3762.39,1416.3,1416.3,541.75,800.17,642.64,800.17,650.6548585759301,592.56,895.3525,974.7517832991269,960.2505447853508,2.6157539939052543,0.36604560644475975,-0.08820366769548738,0.365601976854645
2011-08-29,0.0,0.0,0.0,0.0,0.0,0.0,0.0,0.0,0.0,1,0,0,0,0,0,0,650.6548585759301,35,8,2011,87.71265757323329,3.549702529802295,215.177732158335,7.8524396415677185,2,2,1,1,931.3716170470913,831.5671328166793,839.7081772548048,846.9493329093012,1033.4774292879652,918.988563244041,1017.71,752.99,772.77,792.55,1033.4774292879652,908.785,249.74764107810813,278.10342678246803,265.6586931552889,274.57064672786163,541.3928714834931,304.1678204840797,62373.88422407953,77341.51598815156,70574.54124897596,75389.04004455618,293106.241293142,92518.06301803533,214.5130614840879,211.72820238010343,205.57818354752587,214.35025572846118,382.8225707120349,262.885311220282,1335.95,1646.8,1646.8,1646.8,1416.3,1416.3,465.23,465.23,465.23,465.23,650.6548585759301,592.56,923.0337146439825,968.7499883968455,929.2909761644088,0.4594046872667727,0.168163067354131,-0.12634372354485546,0.3858402080730166
2010-08-02,0.0,0.0,0.0,0.0,0.0,0.0,0.0,0.0,0.0,1,0,0,0,0,0,0,1079.5846861608072,31,8,2010,83.33629901373128,2.6550404916121293,210.83918423520674,8.124830318686623,2,0,0,2,931.3716170470913,1147.2772431409894,1125.352340973294,1145.7314739136668,850.9801934661198,918.988563244041,1017.71,1073.5112895412913,1060.46,1073.5112895412913,850.9801934661198,908.785,249.74764107810813,444.37981012162027,435.1122291635611,444.96702374937524,323.2955739882481,304.1678204840797,62373.88422407953,197473.41564372726,189322.6519676833,197995.65222437706,104520.02816039082,92518.06301803533,214.5130614840879,224.76686181996322,227.40614947479537,225.7401008283969,228.60449269468745,262.885311220282,1335.95,3762.39,3762.39,3762.39,1079.5846861608072,1416.3,465.23,800.17,642.64,800.17,622.3757007714323,592.56,921.9973861841843,970.7651647198267,944.3203471640486,1.6592278869993589,0.27902085091732565,-0.10539171182405038,0.3640773288055563
2011-08-01,78.89,3.551,214.82742455,7.891500000000001,0.0,0.0,0.0,0.0,0.0,0,0,0,0,0,0,0,622.3757007714323,31,8,2011,78.89,3.551,214.82742455,7.891500000000001,2,2,1,1,931.3716170470913,831.5671328166793,839.7081772548048,846.9493329093012,850.9801934661198,918.988563244041,1017.71,752.99,772.77,792.55,850.9801934661198,908.785,249.74764107810813,278.10342678246803,265.6586931552889,274.57064672786163,323.2955739882481,304.1678204840797,62373.88422407953,77341.51598815156,70574.54124897596,75389.04004455618,104520.02816039082,92518.06301803533,214.5130614840879,211.72820238010343,205.57818354752587,214.35025572846118,228.60449269468745,262.885311220282,1335.95,1646.8,1646.8,1646.8,1079.5846861608072,1416.3,465.23,465.23,465.23,465.23,622.3757007714323,592.56,942.2288113770425,964.5439242921767,912.125882524787,0.57649548826476,0.16085426168563247,-0.14942722929353147,0.3772355314120418
2010-08-09,77.70500000000001,2.6625,211.34981595,8.131,0.0,0.0,0.0,0.0,0.0,0,0,0,0,0,0,0,1079.5846861608072,32,8,2010,77.70500000000001,2.6625,211.34981595,8.131,2,0,0,2,931.3716170470913,1147.2772431409894,1125.352340973294,1145.7314739136668,850.9801934661198,918.988563244041,1017.71,1073.5112895412913,1060.46,1073.5112895412913,850.9801934661198,908.785,249.74764107810813,444.37981012162027,435.1122291635611,444.96702374937524,323.2955739882481,304.1678204840797,62373.88422407953,197473.41564372726,189322.6519676833,197995.65222437706,104520.02816039082,92518.06301803533,214.5130614840879,224.76686181996322,227.40614947479537,225.7401008283969,228.60449269468745,262.885311220282,1335.95,3762.39,3762.39,3762.39,1079.5846861608072,1416.3,465.23,800.17,642.64,800.17,622.3757007714323,592.56,858.0499829172443,966.5621832723282,928.8717628883891,1.7346189525437226,0.27902085091732565,-0.1310365671147613,0.3553838554913957
2011-08-08,0.0,0.0,0.0,0.0,0.0,0.0,0.0,0.0,0.0,1,0,0,0,0,0,0,622.3757007714323,32,8,2011,82.81214810232731,3.5695089462776215,214.92627567830772,7.853040571757914,2,2,1,1,931.3716170470913,831.5671328166793,839.7081772548048,846.9493329093012,850.9801934661198,918.988563244041,1017.71,752.99,772.77,792.55,850.9801934661198,908.785,249.74764107810813,278.10342678246803,265.6586931552889,274.57064672786163,323.2955739882481,304.1678204840797,62373.88422407953,77341.51598815156,70574.54124897596,75389.04004455618,104520.02816039082,92518.06301803533,214.5130614840879,211.72820238010343,205.57818354752587,214.35025572846118,228.60449269468745,262.885311220282,1335.95,1646.8,1646.8,1646.8,1079.5846861608072,1416.3,465.23,465.23,465.23,465.23,622.3757007714323,592.56,850.9801934661198,960.6279335740368,898.2221566766934,0.57649548826476,0.16085426168563247,-0.17199321198303164,0.36957159521889094
2010-08-16,89.58,2.664,211.2596586,8.099,0.0,0.0,0.0,0.0,0.0,0,0,0,0,0,0,0,1025.02,33,8,2010,89.58,2.664,211.2596586,8.099,2,0,0,2,931.3716170470913,1147.2772431409894,1125.352340973294,1145.7314739136668,908.785,918.988563244041,1017.71,1073.5112895412913,1060.46,1073.5112895412913,908.785,908.785,249.74764107810813,444.37981012162027,435.1122291635611,444.96702374937524,164.38111342243673,304.1678204840797,62373.88422407953,197473.41564372726,189322.6519676833,197995.65222437706,27021.150450000005,92518.06301803533,214.5130614840879,224.76686181996322,227.40614947479537,225.7401008283969,116.23500000000001,262.885311220282,1335.95,3762.39,3762.39,3762.39,1025.02,1416.3,465.23,800.17,642.64,800.17,792.55,592.56,837.339021925918,961.7193245304092,910.9019410090241,1.6469473321813362,0.2649184971531509,-0.1353403114935694,0.3589081027153049
2011-08-15,90.11,3.554,215.3229307,7.852,0.0,0.0,0.0,0.0,0.0,0,0,0,0,0,0,0,792.55,33,8,2011,90.11,3.554,215.3229307,7.852,2,2,1,1,931.3716170470913,831.5671328166793,839.7081772548048,846.9493329093012,908.785,918.988563244041,1017.71,752.99,772.77,792.55,908.785,908.785,249.74764107810813,278.10342678246803,265.6586931552889,274.57064672786163,164.38111342243673,304.1678204840797,62373.88422407953,77341.51598815156,70574.54124897596,75389.04004455618,27021.150450000005,92518.06301803533,214.5130614840879,211.72820238010343,205.57818354752587,214.35025572846118,116.23500000000001,262.885311220282,1335.95,1646.8,1646.8,1646.8,1025.02,1416.3,465.23,465.23,465.23,465.23,792.55,592.56,879.8825967330599,958.8998357882356,899.0667469081217,0.7732044252795067,0.2048361543372127,-0.11001656255233527,0.3870996042574713
2010-08-23,86.2,2.619,211.2241759,8.099,0.0,0.0,0.0,0.0,0.0,0,0,0,0,0,0,0,1308.88,34,8,2010,86.2,2.619,211.2241759,8.099,2,0,0,2,931.3716170470913,1147.2772431409894,1125.352340973294,1145.7314739136668,950.72,918.988563244041,1017.71,1073.5112895412913,1060.46,1073.5112895412913,950.72,908.785,249.74764107810813,444.37981012162027,435.1122291635611,444.96702374937524,506.51472949954785,304.1678204840797,62373.88422407953,197473.41564372726,189322.6519676833,197995.65222437706,256557.17120000013,92518.06301803533,214.5130614840879,224.76686181996322,227.40614947479537,225.7401008283969,358.1600000000001,262.885311220282,1335.95,3762.39,3762.39,3762.39,1308.88,1416.3,465.23,800.17,642.64,800.17,592.56,592.56,937.2064251928582,964.6372155294122,940.0480722173096,1.6514794019304777,0.33828268965855907,-0.2206976559050351,0.3470148417693458
2011-08-22,92.07,3.523,215.38689700000003,7.852,0.0,0.0,0.0,0.0,0.0,0,0,0,0,0,0,0,592.56,34,8,2011,92.07,3.523,215.38689700000003,7.852,2,2,1,1,931.3716170470913,831.5671328166793,839.7081772548048,846.9493329093012,950.72,918.988563244041,1017.71,752.99,772.77,792.55,950.72,908.785,249.74764107810813,278.10342678246803,265.6586931552889,274.57064672786163,506.51472949954785,304.1678204840797,62373.88422407953,77341.51598815156,70574.54124897596,75389.04004455618,256557.17120000013,92518.06301803533,214.5130614840879,211.72820238010343,205.57818354752587,214.35025572846118,358.1600000000001,262.885311220282,1335.95,1646.8,1646.8,1646.8,1308.88,1416.3,465.23,465.23,465.23,465.23,592.56,592.56,929.7525,958.6359701176474,905.2992649955786,0.45272293869567864,0.15314833337210113,-0.2610078425759421,0.3530442886021537
2010-10-11,57.48,2.7815000000000003,211.29806395000003,8.163,0.0,0.0,0.0,0.0,0.0,0,0,0,0,0,0,0,1099.1588382018135,41,10,2010,57.48,2.7815000000000003,211.29806395000003,8.163,1,0,0,2,1137.929058743599,1147.2772431409894,1125.352340973294,1145.7314739136668,940.1194191009067,970.5343153557571,955.2693371907621,1073.5112895412913,1060.46,1073.5112895412913,940.1194191009067,886.27,662.9864186617874,444.37981012162027,435.1122291635611,444.96702374937524,224.91570344444094,229.89478733475764,439550.9913299828,197473.41564372726,189322.6519676833,197995.65222437706,50587.073655907705,52851.61324369344,385.7291694634648,224.76686181996322,227.40614947479537,225.7401008283969,159.03941910090674,183.86479483973005,3869.19,3762.39,3762.39,3762.39,1099.1588382018135,1403.12,541.75,800.17,642.64,800.17,781.08,634.62,948.2872095504533,960.8664918332692,924.685222316202,1.854932560756402,0.28407983019748667,-0.25496274844153444,0.3288892961688689
2011-10-10,69.79,3.274,217.0048261,7.441,0.0,0.0,0.0,0.0,0.0,0,0,0,0,0,0,0,781.08,41,10,2011,69.79,3.274,217.0048261,7.441,1,1,2,0,1137.929058743599,1204.1924083384008,1371.4393891717273,1435.5522026839935,940.1194191009067,970.5343153557571,955.2693371907621,1004.2800751569296,1350.79,1371.685,940.1194191009067,886.27,662.9864186617874,712.7183297571955,848.7061781684581,842.2056836390994,224.91570344444094,229.89478733475764,439550.9913299828,507967.41757188656,720302.1768613106,709310.4135540029,50587.073655907705,52851.61324369344,385.7291694634648,483.73243021085847,565.4006817831757,547.8125173531354,159.03941910090674,183.86479483973005,3869.19,3869.19,3869.19,3869.19,1099.1588382018135,1403.12,541.75,473.86,473.86,541.75,781.08,634.62,945.4197095504534,958.0573278983742,910.3247000845818,0.7106161301289451,0.20187170958262582,-0.2356799333392785,0.35590617518861395
2010-10-18,70.72,2.725,211.5187208,8.163,0.0,0.0,0.0,0.0,0.0,0,0,0,0,0,0,0,1060.46,42,10,2010,70.72,2.725,211.5187208,8.163,1,0,0,2,1137.929058743599,1147.2772431409894,1125.352340973294,1145.7314739136668,847.54,970.5343153557571,955.2693371907621,1073.5112895412913,1060.46,1073.5112895412913,847.54,886.27,662.9864186617874,444.37981012162027,435.1122291635611,444.96702374937524,301.1143517004794,229.89478733475764,439550.9913299828,197473.41564372726,189322.6519676833,197995.65222437706,90669.8528,52851.61324369344,385.7291694634648,224.76686181996322,227.40614947479537,225.7401008283969,212.92000000000002,183.86479483973005,3869.19,3762.39,3762.39,3762.39,1060.46,1403.12,541.75,800.17,642.64,800.17,634.62,634.62,883.3147095504535,959.6327536230145,925.3382300761236,1.3576842320889024,0.2740780370051613,-0.21515239480149662,0.3389565718620693
2011-10-17,65.16,3.353,217.1650042,7.441,0.0,0.0,0.0,0.0,0.0,0,0,0,0,0,0,0,634.62,42,10,2011,65.16,3.353,217.1650042,7.441,1,1,2,0,1137.929058743599,1204.1924083384008,1371.4393891717273,1435.5522026839935,847.54,970.5343153557571,955.2693371907621,1004.2800751569296,1350.79,1371.685,847.54,886.27,662.9864186617874,712.7183297571955,848.7061781684581,842.2056836390994,301.1143517004794,229.89478733475764,439550.9913299828,507967.41757188656,720302.1768613106,709310.4135540029,90669.8528,52851.61324369344,385.7291694634648,483.73243021085847,565.4006817831757,547.8125173531354,212.92000000000002,183.86479483973005,3869.19,3869.19,3869.19,3869.19,1060.46,1403.12,541.75,473.86,473.86,541.75,634.62,634.62,893.8297095504533,954.7083179620598,896.2664070685113,0.5984384135186617,0.16401882564567777,-0.24492481946908873,0.3555221734874013
2010-10-25,67.51,2.716,211.5661131,8.163,0.0,0.0,0.0,0.0,0.0,0,0,0,0,0,0,0,876.56,43,10,2010,67.51,2.716,211.5661131,8.163,1,0,0,2,1137.929058743599,1147.2772431409894,1125.352340973294,1145.7314739136668,861.655,970.5343153557571,955.2693371907621,1073.5112895412913,1060.46,1073.5112895412913,861.655,886.27,662.9864186617874,444.37981012162027,435.1122291635611,444.96702374937524,21.078853147170943,229.89478733475764,439550.9913299828,197473.41564372726,189322.6519676833,197995.65222437706,444.3180499999984,52851.61324369344,385.7291694634648,224.76686181996322,227.40614947479537,225.7401008283969,14.904999999999973,183.86479483973005,3869.19,3762.39,3762.39,3762.39,876.56,1403.12,541.75,800.17,642.64,800.17,846.75,634.62,838.18,953.5419251566559,894.2957663616601,1.3812360152532224,0.226548709161349,-0.20330423471640424,0.37115013326007656
2011-10-24,65.46,3.372,217.3251824,7.441,0.0,0.0,0.0,0.0,0.0,0,0,0,0,0,0,0,846.75,43,10,2011,65.46,3.372,217.3251824,7.441,1,1,2,0,1137.929058743599,1204.1924083384008,1371.4393891717273,1435.5522026839935,861.655,970.5343153557571,955.2693371907621,1004.2800751569296,1350.79,1371.685,861.655,886.27,662.9864186617874,712.7183297571955,848.7061781684581,842.2056836390994,21.078853147170943,229.89478733475764,439550.9913299828,507967.41757188656,720302.1768613106,709310.4135540029,444.3180499999984,52851.61324369344,385.7291694634648,483.73243021085847,565.4006817831757,547.8125173531354,14.904999999999973,183.86479483973005,3869.19,3869.19,3869.19,3869.19,876.56,1403.12,541.75,473.86,473.86,541.75,846.75,634.62,854.5975,951.9714556690581,889.5411897254942,0.9659920598704026,0.21884425422375225,-0.16586836964077367,0.39046747303587187
2010-10-04,79.3,2.565,211.15321040000003,8.099,0.0,0.0,0.0,0.0,0.0,0,1,0,0,0,0,0,1146.79,40,10,2010,79.3,2.565,211.15321040000003,8.099,2,0,0,2,931.3716170470913,1147.2772431409894,1125.352340973294,1145.7314739136668,1016.53,970.5343153557571,1017.71,1073.5112895412913,1060.46,1073.5112895412913,1016.53,886.27,249.74764107810813,444.37981012162027,435.1122291635611,444.96702374937524,184.21545863471934,229.89478733475764,62373.88422407953,197473.41564372726,189322.6519676833,197995.65222437706,33935.335199999994,52851.61324369344,214.5130614840879,224.76686181996322,227.40614947479537,225.7401008283969,130.26,183.86479483973005,1335.95,3762.39,3762.39,3762.39,1146.79,1403.12,465.23,800.17,642.64,800.17,886.27,634.62,876.18,954.7949128332746,915.2660707529448,1.3543430764688515,0.2963902005329281,-0.18840208434682193,0.3602751206412497
2011-10-03,84.71,3.648,214.6964908,7.931,0.0,0.0,0.0,0.0,0.0,0,0,0,0,0,0,0,886.27,40,10,2011,84.71,3.648,214.6964908,7.931,2,2,1,1,931.3716170470913,831.5671328166793,839.7081772548048,846.9493329093012,1016.53,970.5343153557571,1017.71,752.99,772.77,792.55,1016.53,886.27,249.74764107810813,278.10342678246803,265.6586931552889,274.57064672786163,184.21545863471934,229.89478733475764,62373.88422407953,77341.51598815156,70574.54124897596,75389.04004455618,33935.335199999994,52851.61324369344,214.5130614840879,211.72820238010343,205.57818354752587,214.35025572846118,130.26,183.86479483973005,1335.95,1646.8,1646.8,1646.8,1146.79,1403.12,465.23,465.23,465.23,465.23,886.27,634.62,939.0925,953.815985507085,912.3664636776502,0.7728267599124513,0.22905827834766448,-0.14707287210124909,0.374035968326693
2011-10-31,44.65,3.2405,213.17875125,8.027999999999999,0.0,0.0,0.0,0.0,0.0,0,1,0,0,0,0,0,1403.12,44,10,2011,44.65,3.2405,213.17875125,8.027999999999999,0,1,1,1,1241.74405030212,1204.1924083384008,839.7081772548048,846.9493329093012,1266.625,970.5343153557571,1109.2338504463683,1004.2800751569296,772.77,792.55,1266.625,886.27,419.9906611187744,712.7183297571955,265.6586931552889,274.57064672786163,193.03308019611546,229.89478733475764,176392.1554269852,507967.41757188656,70574.54124897596,75389.04004455618,37261.77004999994,52851.61324369344,331.29166717807936,483.73243021085847,205.57818354752587,214.35025572846118,136.4949999999999,183.86479483973005,2338.17,3869.19,1646.8,1646.8,1403.12,1403.12,642.64,473.86,465.23,465.23,1130.13,634.62,1070.7325,960.1442110633232,961.4418173098852,1.5831744276574857,0.3626392087232728,-0.255428834278014,0.3573184604943316
2010-11-22,62.96,2.735,211.4062867,8.163,0.0,0.0,0.0,0.0,0.0,0,1,0,0,0,0,0,3762.39,47,11,2010,62.96,2.735,211.4062867,8.163,1,0,0,2,1137.929058743599,1147.2772431409894,1125.352340973294,1145.7314739136668,3815.79,2006.8917506685643,955.2693371907621,1073.5112895412913,1060.46,1073.5112895412913,3815.79,1537.98,662.9864186617874,444.37981012162027,435.1122291635611,444.96702374937524,75.5190042307234,1126.9682567445536,439550.9913299828,197473.41564372726,189322.6519676833,197995.65222437706,5703.120000000019,1270057.4517098584,385.7291694634648,224.76686181996322,227.40614947479537,225.7401008283969,53.40000000000009,892.9719633114779,3869.19,3762.39,3762.39,3762.39,3869.19,3869.19,541.75,800.17,642.64,800.17,3762.39,901.76,1799.6425,999.0642914652215,1241.5366355788967,2.681445635441017,0.9723973234708039,27.55654256250485,4.268815199755347
2011-11-21,56.43,3.236,218.1130269,7.441,19.97,0.0,0.0,0.0,477.74,0,1,1,0,0,0,1,3869.19,47,11,2011,56.43,3.236,218.1130269,7.441,1,1,2,0,1137.929058743599,1204.1924083384008,1371.4393891717273,1435.5522026839935,3815.79,2006.8917506685643,955.2693371907621,1004.2800751569296,1350.79,1371.685,3815.79,1537.98,662.9864186617874,712.7183297571955,848.7061781684581,842.2056836390994,75.5190042307234,1126.9682567445536,439550.9913299828,507967.41757188656,720302.1768613106,709310.4135540029,5703.120000000019,1270057.4517098584,385.7291694634648,483.73243021085847,565.4006817831757,547.8125173531354,53.40000000000009,892.9719633114779,3869.19,3869.19,3869.19,3869.19,3869.19,3869.19,541.75,473.86,473.86,541.75,3762.39,901.76,2480.2425,1038.3810819930952,1504.3019720210073,1.0283862119556983,1.0,19.635751172045282,4.021326806556012
2010-11-15,51.71,2.7710000000000004,211.5470304,8.163,0.0,0.0,0.0,0.0,0.0,0,0,0,0,0,0,0,1537.98,46,11,2010,51.71,2.7710000000000004,211.5470304,8.163,0,0,0,2,1241.74405030212,1147.2772431409894,1125.352340973294,1145.7314739136668,1465.28,2006.8917506685643,1109.2338504463683,1073.5112895412913,1060.46,1073.5112895412913,1465.28,1537.98,419.9906611187744,444.37981012162027,435.1122291635611,444.96702374937524,102.81332598452407,1126.9682567445536,176392.1554269852,197473.41564372726,189322.6519676833,197995.65222437706,10570.580000000013,1270057.4517098584,331.29166717807936,224.76686181996322,227.40614947479537,225.7401008283969,72.70000000000005,892.9719633114779,2338.17,3762.39,3762.39,3762.39,1537.98,3869.19,642.64,800.17,642.64,800.17,1392.58,901.76,2643.17,1045.1324187229181,1507.6697748189065,0.3974940491420685,0.3974940491420685,19.177012913818423,3.947650422496078
2011-11-14,61.9,3.3080000000000003,217.86702180000003,7.441,679.88,97.38,0.0,38.35,1143.98,0,0,1,1,0,1,1,1392.58,46,11,2011,61.9,3.3080000000000003,217.86702180000003,7.441,1,1,2,0,1137.929058743599,1204.1924083384008,1371.4393891717273,1435.5522026839935,1465.28,2006.8917506685643,955.2693371907621,1004.2800751569296,1350.79,1371.685,1465.28,1537.98,662.9864186617874,712.7183297571955,848.7061781684581,842.2056836390994,102.81332598452407,1126.9682567445536,439550.9913299828,507967.41757188656,720302.1768613106,709310.4135540029,10570.580000000013,1270057.4517098584,385.7291694634648,483.73243021085847,565.4006817831757,547.8125173531354,72.70000000000005,892.9719633114779,3869.19,3869.19,3869.19,3869.19,1537.98,3869.19,541.75,473.86,473.86,541.75,1392.58,901.76,2640.535,1049.7650531399458,1496.160797337016,0.9054604091080508,0.359915124354193,19.057175446332405,3.915783195918755
2010-11-29,47.435,2.6075,210.96777225,8.324,0.0,0.0,0.0,0.0,0.0,0,1,0,0,0,0,0,2338.17,48,11,2010,47.435,2.6075,210.96777225,8.324,0,0,0,2,1241.74405030212,1147.2772431409894,1125.352340973294,1145.7314739136668,2207.1804187879543,2006.8917506685643,1109.2338504463683,1073.5112895412913,1060.46,1073.5112895412913,2207.1804187879543,1537.98,419.9906611187744,444.37981012162027,435.1122291635611,444.96702374937524,185.24724227964708,1126.9682567445536,176392.1554269852,197473.41564372726,189322.6519676833,197995.65222437706,34316.54077221427,1270057.4517098584,331.29166717807936,224.76686181996322,227.40614947479537,225.7401008283969,130.98958121204578,892.9719633114779,2338.17,3762.39,3762.39,3762.39,2338.17,3869.19,642.64,800.17,642.64,800.17,2076.1908375759085,901.76,2284.48,1066.717749809157,1580.3617176033144,1.6790202358212816,0.6043047769688229,16.1298929291603,3.5995709704769117
2011-11-28,0.0,0.0,0.0,0.0,0.0,0.0,0.0,0.0,0.0,1,0,0,0,0,0,0,2076.1908375759085,48,11,2011,59.45565788692605,3.289388265231702,217.27422612197086,7.517959521762386,1,1,2,0,1137.929058743599,1204.1924083384008,1371.4393891717273,1435.5522026839935,2207.1804187879543,2006.8917506685643,955.2693371907621,1004.2800751569296,1350.79,1371.685,2207.1804187879543,1537.98,662.9864186617874,712.7183297571955,848.7061781684581,842.2056836390994,185.24724227964708,1126.9682567445536,439550.9913299828,507967.41757188656,720302.1768613106,709310.4135540029,34316.54077221427,1270057.4517098584,385.7291694634648,483.73243021085847,565.4006817831757,547.8125173531354,130.98958121204578,892.9719633114779,3869.19,3869.19,3869.19,3869.19,2338.17,3869.19,541.75,473.86,473.86,541.75,2076.1908375759085,901.76,1836.230209393977,1079.827789910024,1629.944629600574,0.8879554684115819,0.5365957312967077,14.537343652184688,3.3993033138152016
2010-11-01,83.51,2.668,211.1120018,8.2,0.0,0.0,0.0,0.0,0.0,0,0,0,0,0,0,0,1130.13,44,11,2010,83.51,2.668,211.1120018,8.2,2,0,0,2,931.3716170470913,1147.2772431409894,1125.352340973294,1145.7314739136668,1266.625,2006.8917506685643,1017.71,1073.5112895412913,1060.46,1073.5112895412913,1266.625,1537.98,249.74764107810813,444.37981012162027,435.1122291635611,444.96702374937524,193.03308019611546,1126.9682567445536,62373.88422407953,197473.41564372726,189322.6519676833,197995.65222437706,37261.77004999994,1270057.4517098584,214.5130614840879,224.76686181996322,227.40614947479537,225.7401008283969,136.4949999999999,892.9719633114779,1335.95,3762.39,3762.39,3762.39,1403.12,3869.19,465.23,800.17,642.64,800.17,1130.13,901.76,1734.2677093939772,1080.4726900393828,1579.9631666405166,0.5443285749779642,0.2920843897559955,14.73229699280547,3.416278048257407
2010-11-08,0.0,0.0,0.0,0.0,0.0,0.0,0.0,0.0,0.0,1,0,0,0,0,0,0,1053.6349184411706,45,11,2010,74.8901316456816,2.6879930896815347,211.28904447404278,8.16589694127191,2,0,0,2,931.3716170470913,1147.2772431409894,1125.352340973294,1145.7314739136668,977.6974592205853,2006.8917506685643,1017.71,1073.5112895412913,1060.46,1073.5112895412913,977.6974592205853,1537.98,249.74764107810813,444.37981012162027,435.1122291635611,444.96702374937524,107.3917847219056,1126.9682567445536,62373.88422407953,197473.41564372726,189322.6519676833,197995.65222437706,11532.995425756115,1270057.4517098584,214.5130614840879,224.76686181996322,227.40614947479537,225.7401008283969,75.93745922058531,892.9719633114779,1335.95,3762.39,3762.39,3762.39,1053.6349184411706,3869.19,465.23,800.17,642.64,800.17,901.76,901.76,1649.53143900427,1080.1329714115573,1527.3303418205821,0.932313024555733,0.27231408083892766,14.955568727747169,3.4389983632777485
2011-11-07,59.8,3.297,217.6455387,7.441,42.28,276.94,14.54,0.0,3508.88,0,0,1,1,1,0,1,901.76,45,11,2011,59.8,3.297,217.6455387,7.441,1,1,2,0,1137.929058743599,1204.1924083384008,1371.4393891717273,1435.5522026839935,977.6974592205853,2006.8917506685643,955.2693371907621,1004.2800751569296,1350.79,1371.685,977.6974592205853,1537.98,662.9864186617874,712.7183297571955,848.7061781684581,842.2056836390994,107.3917847219056,1126.9682567445536,439550.9913299828,507967.41757188656,720302.1768613106,709310.4135540029,11532.995425756115,1270057.4517098584,385.7291694634648,483.73243021085847,565.4006817831757,547.8125173531354,75.93745922058531,892.9719633114779,3869.19,3869.19,3869.19,3869.19,1053.6349184411706,3869.19,541.75,473.86,473.86,541.75,901.76,901.76,1290.4289390042698,1077.9033092689128,1464.7733076385239,0.8558562213694795,0.23306170025250764,15.181688866958368,3.465029957903689
2010-12-06,60.95,2.728,211.6608975,8.163,0.0,0.0,0.0,0.0,0.0,0,0,0,0,0,0,0,935.51,49,12,2010,60.95,2.728,211.6608975,8.163,1,0,0,2,1137.929058743599,1147.2772431409894,1125.352340973294,1145.7314739136668,837.0899999999999,1280.9911342747193,955.2693371907621,1073.5112895412913,1060.46,1073.5112895412913,837.0899999999999,1294.6950000000002,662.9864186617874,444.37981012162027,435.1122291635611,444.96702374937524,139.18689880876,419.31460794578106,439550.9913299828,197473.41564372726,189322.6519676833,197995.65222437706,19372.992799999996,175824.74043672407,385.7291694634648,224.76686181996322,227.40614947479537,225.7401008283969,98.42000000000002,339.3761342747192,3869.19,3762.39,3762.39,3762.39,935.51,1978.19,541.75,800.17,642.64,800.17,738.67,738.67,1005.2587296102927,1076.1453671791733,1411.8469768746716,1.0374268097941803,0.2417844561781665,15.413275843977381,3.491078859395298
2011-12-05,92.32,3.638,215.2593211,7.852,0.0,0.0,0.0,0.0,0.0,0,0,0,0,0,0,0,738.67,49,12,2011,92.32,3.638,215.2593211,7.852,2,2,1,1,931.3716170470913,831.5671328166793,839.7081772548048,846.9493329093012,837.0899999999999,1280.9911342747193,1017.71,752.99,772.77,792.55,837.0899999999999,1294.6950000000002,249.74764107810813,278.10342678246803,265.6586931552889,274.57064672786163,139.18689880876,419.31460794578106,62373.88422407953,77341.51598815156,70574.54124897596,75389.04004455618,19372.992799999996,175824.74043672407,214.5130614840879,211.72820238010343,205.57818354752587,214.35025572846118,98.42000000000002,339.3761342747192,1335.95,1646.8,1646.8,1646.8,935.51,1978.19,465.23,465.23,465.23,465.23,738.67,738.67,907.3937296102927,1072.0298139208905,1344.5292791872043,0.789590704535494,0.19091075909944974,15.564206342792058,3.5069366351087172
2010-12-13,48.63,2.869,211.0645458,8.163,0.0,0.0,0.0,0.0,0.0,0,0,0,0,0,0,0,1388.99,50,12,2010,48.63,2.869,211.0645458,8.163,0,0,0,2,1241.74405030212,1147.2772431409894,1125.352340973294,1145.7314739136668,1439.2849999999999,1280.9911342747193,1109.2338504463683,1073.5112895412913,1060.46,1073.5112895412913,1439.2849999999999,1294.6950000000002,419.9906611187744,444.37981012162027,435.1122291635611,444.96702374937524,71.12787111955484,419.31460794578106,176392.1554269852,197473.41564372726,189322.6519676833,197995.65222437706,5059.174050000003,175824.74043672407,331.29166717807936,224.76686181996322,227.40614947479537,225.7401008283969,50.29499999999996,339.3761342747192,2338.17,3762.39,3762.39,3762.39,1489.58,1978.19,642.64,800.17,642.64,800.17,1388.99,738.67,991.2325,1075.8486113435306,1348.9753512684838,1.880393139020131,0.35898728157573034,15.517569851245717,3.4859105598967273
2011-12-12,50.56,3.159,218.82179280000005,7.441,0.0,0.0,11.1,0.0,602.44,0,0,0,0,1,0,1,1489.58,50,12,2011,50.56,3.159,218.82179280000005,7.441,0,1,2,0,1241.74405030212,1204.1924083384008,1371.4393891717273,1435.5522026839935,1439.2849999999999,1280.9911342747193,1109.2338504463683,1004.2800751569296,1350.79,1371.685,1439.2849999999999,1294.6950000000002,419.9906611187744,712.7183297571955,848.7061781684581,842.2056836390994,71.12787111955484,419.31460794578106,176392.1554269852,507967.41757188656,720302.1768613106,709310.4135540029,5059.174050000003,175824.74043672407,331.29166717807936,483.73243021085847,565.4006817831757,547.8125173531354,50.29499999999996,339.3761342747192,2338.17,3869.19,3869.19,3869.19,1489.58,1978.19,642.64,473.86,473.86,541.75,1388.99,738.67,1138.1875,1080.7739850180124,1363.0358161416355,1.072419527858372,0.3849849710146051,15.333197210523045,3.44611804651438
2010-12-20,51.29,2.886,211.0646599,8.163,0.0,0.0,0.0,0.0,0.0,0,0,0,0,0,0,0,1624.709074197754,51,12,2010,51.29,2.886,211.0646599,8.163,0,0,0,2,1241.74405030212,1147.2772431409894,1125.352340973294,1145.7314739136668,1801.449537098877,1280.9911342747193,1109.2338504463683,1073.5112895412913,1060.46,1073.5112895412913,1801.449537098877,1294.6950000000002,419.9906611187744,444.37981012162027,435.1122291635611,444.96702374937524,249.94875965486702,419.31460794578106,176392.1554269852,197473.41564372726,189322.6519676833,197995.65222437706,62474.38245300648,175824.74043672407,331.29166717807936,224.76686181996322,227.40614947479537,225.7401008283969,176.740462901123,339.3761342747192,2338.17,3762.39,3762.39,3762.39,1978.19,1978.19,642.64,800.17,642.64,800.17,1624.709074197754,738.67,1310.4872685494383,1087.1732213613034,1389.2031419472473,1.090716224840394,0.4199093542053386,14.933270752379851,3.3788820299898084
2011-12-19,46.54,3.112,218.9995495,7.441,245.83,0.0,12.5,2.52,2951.23,0,0,1,0,1,1,1,1978.19,51,12,2011,46.54,3.112,218.9995495,7.441,0,1,2,0,1241.74405030212,1204.1924083384008,1371.4393891717273,1435.5522026839935,1801.449537098877,1280.9911342747193,1109.2338504463683,1004.2800751569296,1350.79,1371.685,1801.449537098877,1294.6950000000002,419.9906611187744,712.7183297571955,848.7061781684581,842.2056836390994,249.94875965486702,419.31460794578106,176392.1554269852,507967.41757188656,720302.1768613106,709310.4135540029,62474.38245300648,175824.74043672407,331.29166717807936,483.73243021085847,565.4006817831757,547.8125173531354,176.740462901123,339.3761342747192,2338.17,3869.19,3869.19,3869.19,1978.19,1978.19,642.64,473.86,473.86,541.75,1624.709074197754,738.67,1620.3672685494384,1097.5338815780324,1448.1018277525227,1.2175656746281098,0.5112672161356769,13.830618773716356,3.233303530926043
2010-12-27,47.19,2.943,211.06477400000003,8.163,0.0,0.0,0.0,0.0,0.0,0,1,0,0,0,0,0,891.88,52,12,2010,47.19,2.943,211.06477400000003,8.163,0,0,0,2,1241.74405030212,1147.2772431409894,1125.352340973294,1145.7314739136668,1046.14,1280.9911342747193,1109.2338504463683,1073.5112895412913,1060.46,1073.5112895412913,1046.14,1294.6950000000002,419.9906611187744,444.37981012162027,435.1122291635611,444.96702374937524,218.15658413167367,419.31460794578106,176392.1554269852,197473.41564372726,189322.6519676833,197995.65222437706,47592.295200000015,175824.74043672407,331.29166717807936,224.76686181996322,227.40614947479537,225.7401008283969,154.26000000000005,339.3761342747192,2338.17,3762.39,3762.39,3762.39,1200.4,1978.19,642.64,800.17,642.64,800.17,891.88,738.67,1496.0897685494385,1095.1700438587447,1392.4796449772705,0.45085659112623155,0.23050819422152957,14.019743628429431,3.256015278296231
2011-12-26,45.16,3.129,219.1773063,7.441,782.67,2027.77,0.0,35.28,239.99,0,1,1,1,0,1,1,1200.4,52,12,2011,45.16,3.129,219.1773063,7.441,0,1,2,0,1241.74405030212,1204.1924083384008,1371.4393891717273,1435.5522026839935,1046.14,1280.9911342747193,1109.2338504463683,1004.2800751569296,1350.79,1371.685,1046.14,1294.6950000000002,419.9906611187744,712.7183297571955,848.7061781684581,842.2056836390994,218.15658413167367,419.31460794578106,176392.1554269852,507967.41757188656,720302.1768613106,709310.4135540029,47592.295200000015,175824.74043672407,331.29166717807936,483.73243021085847,565.4006817831757,547.8125173531354,154.26000000000005,339.3761342747192,2338.17,3869.19,3869.19,3869.19,1200.4,1978.19,642.64,473.86,473.86,541.75,891.88,738.67,1423.7947685494387,1096.3658388148951,1373.2716804795434,1.3459209759160427,0.31024581372328575,14.160463089186479,3.265082487058641
2010-06-07,90.3,2.627,211.1608049,8.099,0.0,0.0,0.0,0.0,0.0,0,0,0,0,0,0,0,1046.14,23,6,2010,90.3,2.627,211.1608049,8.099,2,0,0,2,931.3716170470913,1147.2772431409894,1125.352340973294,1145.7314739136668,1011.4331629657745,1003.1536459240413,1017.71,1073.5112895412913,1060.46,1073.5112895412913,1011.4331629657745,1018.46,249.74764107810813,444.37981012162027,435.1122291635611,444.96702374937524,49.08287964087477,128.1157605844332,62373.88422407953,197473.41564372726,189322.6519676833,197995.65222437706,2409.129073840599,16413.648110127808,214.5130614840879,224.76686181996322,227.40614947479537,225.7401008283969,34.70683703422566,90.26115296014378,1335.95,3762.39,3762.39,3762.39,1046.14,1167.28,465.23,800.17,642.64,800.17,976.7263259315488,752.99,1279.1525000000001,1095.8015035473122,1340.5585124315892,0.8714928357214262,0.27037700397240766,14.357575112933471,3.2856890160544454
2011-06-06,0.0,0.0,0.0,0.0,0.0,0.0,0.0,0.0,0.0,1,0,0,0,0,0,0,976.7263259315488,23,6,2011,70.08709065049297,3.8325439548623983,215.30980883645205,7.924353515249777,1,2,1,1,1137.929058743599,831.5671328166793,839.7081772548048,846.9493329093012,1011.4331629657745,1003.1536459240413,955.2693371907621,752.99,772.77,792.55,1011.4331629657745,1018.46,662.9864186617874,278.10342678246803,265.6586931552889,274.57064672786163,49.08287964087477,128.1157605844332,439550.9913299828,77341.51598815156,70574.54124897596,75389.04004455618,2409.129073840599,16413.648110127808,385.7291694634648,211.72820238010343,205.57818354752587,214.35025572846118,34.70683703422566,90.26115296014378,3869.19,1646.8,1646.8,1646.8,1046.14,1167.28,541.75,465.23,465.23,465.23,976.7263259315488,752.99,1028.7865814828872,1094.4784460182482,1304.1752937815852,0.9336478157144825,0.2524368991782644,14.558440115255033,3.3082145111055157
2010-06-14,86.18,2.637,211.1096543,8.2,0.0,0.0,0.0,0.0,0.0,0,0,0,0,0,0,0,1015.19,24,6,2010,86.18,2.637,211.1096543,8.2,2,0,0,2,931.3716170470913,1147.2772431409894,1125.352340973294,1145.7314739136668,884.09,1003.1536459240413,1017.71,1073.5112895412913,1060.46,1073.5112895412913,884.09,1018.46,249.74764107810813,444.37981012162027,435.1122291635611,444.96702374937524,185.4033980271128,128.1157605844332,62373.88422407953,197473.41564372726,189322.6519676833,197995.65222437706,34374.42000000001,16413.648110127808,214.5130614840879,224.76686181996322,227.40614947479537,225.7401008283969,131.10000000000002,90.26115296014378,1335.95,3762.39,3762.39,3762.39,1015.19,1167.28,465.23,800.17,642.64,800.17,752.99,752.99,1059.6140814828873,1093.6071444136521,1275.2767644034268,1.0393801959128794,0.2623779137235442,14.758838876234583,3.329713343504098
2011-06-13,87.54,3.637,214.6513538,7.931,0.0,0.0,0.0,0.0,0.0,0,0,0,0,0,0,0,752.99,24,6,2011,87.54,3.637,214.6513538,7.931,2,2,1,1,931.3716170470913,831.5671328166793,839.7081772548048,846.9493329093012,884.09,1003.1536459240413,1017.71,752.99,772.77,792.55,884.09,1018.46,249.74764107810813,278.10342678246803,265.6586931552889,274.57064672786163,185.4033980271128,128.1157605844332,62373.88422407953,77341.51598815156,70574.54124897596,75389.04004455618,34374.42000000001,16413.648110127808,214.5130614840879,211.72820238010343,205.57818354752587,214.35025572846118,131.10000000000002,90.26115296014378,1335.95,1646.8,1646.8,1646.8,1015.19,1167.28,465.23,465.23,465.23,465.23,752.99,752.99,947.7615814828872,1089.9047841482864,1223.048087963084,0.7417232242240368,0.1946117921322034,14.880523397721147,3.3429196136416968
2010-06-21,87.01,2.653,210.9950134,8.2,0.0,0.0,0.0,0.0,0.0,0,0,0,0,0,0,0,1167.28,25,6,2010,87.01,2.653,210.9950134,8.2,2,0,0,2,931.3716170470913,1147.2772431409894,1125.352340973294,1145.7314739136668,1042.99,1003.1536459240413,1017.71,1073.5112895412913,1060.46,1073.5112895412913,1042.99,1018.46,249.74764107810813,444.37981012162027,435.1122291635611,444.96702374937524,175.77260366735194,128.1157605844332,62373.88422407953,197473.41564372726,189322.6519676833,197995.65222437706,30896.008199999982,16413.648110127808,214.5130614840879,224.76686181996322,227.40614947479537,225.7401008283969,124.28999999999996,90.26115296014378,1335.95,3762.39,3762.39,3762.39,1167.28,1167.28,465.23,800.17,642.64,800.17,918.7,752.99,978.0465814828873,1090.7367757165844,1217.4712791667757,1.5501932296577643,0.30168588257490586,15.035274335468035,3.3543879681556854
2011-06-20,85.72,3.594,214.7441108,7.931,0.0,0.0,0.0,0.0,0.0,0,0,0,0,0,0,0,918.7,25,6,2011,85.72,3.594,214.7441108,7.931,2,2,1,1,931.3716170470913,831.5671328166793,839.7081772548048,846.9493329093012,1042.99,1003.1536459240413,1017.71,752.99,772.77,792.55,1042.99,1018.46,249.74764107810813,278.10342678246803,265.6586931552889,274.57064672786163,175.77260366735194,128.1157605844332,62373.88422407953,77341.51598815156,70574.54124897596,75389.04004455618,30896.008199999982,16413.648110127808,214.5130614840879,211.72820238010343,205.57818354752587,214.35025572846118,124.28999999999996,90.26115296014378,1335.95,1646.8,1646.8,1646.8,1167.28,1167.28,465.23,465.23,465.23,465.23,918.7,752.99,963.54,1088.906597251514,1187.594151250098,0.7870433829072717,0.23743987759711982,15.227633400106845,3.3762800102523265
2010-06-28,0.0,0.0,0.0,0.0,0.0,0.0,0.0,0.0,0.0,1,0,0,0,0,0,0,1126.4728414607814,26,6,2010,82.7820283680526,2.6741232330027103,210.92319114627912,8.18931798571921,2,0,0,2,931.3716170470913,1147.2772431409894,1125.352340973294,1145.7314739136668,1074.1014207303906,1003.1536459240413,1017.71,1073.5112895412913,1060.46,1073.5112895412913,1074.1014207303906,1018.46,249.74764107810813,444.37981012162027,435.1122291635611,444.96702374937524,74.06437347766591,128.1157605844332,62373.88422407953,197473.41564372726,189322.6519676833,197995.65222437706,5485.531418639181,16413.648110127808,214.5130614840879,224.76686181996322,227.40614947479537,225.7401008283969,52.371420730390696,90.26115296014378,1335.95,3762.39,3762.39,3762.39,1126.4728414607814,1167.28,465.23,800.17,642.64,800.17,1021.73,752.99,991.3607103651954,1089.3020314010855,1181.4820202711664,1.2261596184399493,0.29113918971691266,15.400161212847678,3.3909808009368025
2011-06-27,44.24,2.9760000000000004,211.0648881,8.027999999999999,0.0,0.0,0.0,0.0,0.0,0,0,0,0,0,0,0,1021.73,26,6,2011,44.24,2.9760000000000004,211.0648881,8.027999999999999,0,0,0,1,1241.74405030212,1147.2772431409894,1125.352340973294,846.9493329093012,1074.1014207303906,1003.1536459240413,1109.2338504463683,1073.5112895412913,1060.46,792.55,1074.1014207303906,1018.46,419.9906611187744,444.37981012162027,435.1122291635611,274.57064672786163,74.06437347766591,128.1157605844332,176392.1554269852,197473.41564372726,189322.6519676833,75389.04004455618,5485.531418639181,16413.648110127808,331.29166717807936,224.76686181996322,227.40614947479537,214.35025572846118,52.371420730390696,90.26115296014378,2338.17,3762.39,3762.39,1646.8,1126.4728414607814,1167.28,642.64,800.17,642.64,465.23,1021.73,752.99,1058.5457103651954,1088.5981560739908,1165.5068182440498,0.9070169846927214,0.2640681899829163,15.59820947123178,3.411458952844808
2010-09-06,81.67,2.642,210.7657317,8.099,0.0,0.0,0.0,0.0,0.0,0,0,0,0,0,0,0,1229.12,36,9,2010,81.67,2.642,210.7657317,8.099,2,0,0,2,931.3716170470913,1147.2772431409894,1125.352340973294,1145.7314739136668,1033.715,956.6501611926614,1017.71,1073.5112895412913,1060.46,1073.5112895412913,1033.715,955.9106447706456,249.74764107810813,444.37981012162027,435.1122291635611,444.96702374937524,276.3444011555146,385.622914255632,62373.88422407953,197473.41564372726,189322.6519676833,197995.65222437706,76366.22804999998,148705.0319990065,214.5130614840879,224.76686181996322,227.40614947479537,225.7401008283969,195.40499999999997,305.84266119266135,1335.95,3762.39,3762.39,3762.39,1229.12,1596.75,465.23,800.17,642.64,800.17,838.31,465.23,1074.0057103651952,1090.0468348773516,1171.8681364196448,1.2029792606657335,0.31766855595098714,15.713851068166804,3.416150258640035
2011-09-05,78.87,3.5460000000000003,215.5148295,7.852,0.0,0.0,0.0,0.0,0.0,0,1,0,0,0,0,0,838.31,36,9,2011,78.87,3.5460000000000003,215.5148295,7.852,2,2,1,1,931.3716170470913,831.5671328166793,839.7081772548048,846.9493329093012,1033.715,956.6501611926614,1017.71,752.99,772.77,792.55,1033.715,955.9106447706456,249.74764107810813,278.10342678246803,265.6586931552889,274.57064672786163,276.3444011555146,385.622914255632,62373.88422407953,77341.51598815156,70574.54124897596,75389.04004455618,76366.22804999998,148705.0319990065,214.5130614840879,211.72820238010343,205.57818354752587,214.35025572846118,195.40499999999997,305.84266119266135,1335.95,1646.8,1646.8,1646.8,1229.12,1596.75,465.23,465.23,465.23,465.23,838.31,465.23,1053.9082103651954,1087.4780916643176,1138.5123227776803,0.6820408096849779,0.21666291911226895,15.876652791240309,3.434501933927015
2010-09-13,83.03,2.582,211.1806415,8.099,0.0,0.0,0.0,0.0,0.0,0,0,0,0,0,0,0,1150.59,37,9,2010,83.03,2.582,211.1806415,8.099,2,0,0,2,931.3716170470913,1147.2772431409894,1125.352340973294,1145.7314739136668,1373.67,956.6501611926614,1017.71,1073.5112895412913,1060.46,1073.5112895412913,1373.67,955.9106447706456,249.74764107810813,444.37981012162027,435.1122291635611,444.96702374937524,315.48276149419,385.622914255632,62373.88422407953,197473.41564372726,189322.6519676833,197995.65222437706,99529.37279999998,148705.0319990065,214.5130614840879,224.76686181996322,227.40614947479537,225.7401008283969,223.08000000000004,305.84266119266135,1335.95,3762.39,3762.39,3762.39,1596.75,1596.75,465.23,800.17,642.64,800.17,1150.59,465.23,1059.9375,1088.1155856879102,1139.7200904999122,1.3725113621452685,0.2973723182371504,16.03705067021415,3.4467899266904727
2011-09-12,61.03,3.342,217.1497374,7.6465,0.75,0.0,1.705,0.0,887.39,0,0,1,0,1,0,1,1596.75,37,9,2011,61.03,3.342,217.1497374,7.6465,1,1,2,0,1137.929058743599,1204.1924083384008,1371.4393891717273,1435.5522026839935,1373.67,956.6501611926614,955.2693371907621,1004.2800751569296,1350.79,1371.685,1373.67,955.9106447706456,662.9864186617874,712.7183297571955,848.7061781684581,842.2056836390994,315.48276149419,385.622914255632,439550.9913299828,507967.41757188656,720302.1768613106,709310.4135540029,99529.37279999998,148705.0319990065,385.7291694634648,483.73243021085847,565.4006817831757,547.8125173531354,223.08000000000004,305.84266119266135,3869.19,3869.19,3869.19,3869.19,1596.75,1596.75,541.75,473.86,473.86,541.75,1150.59,465.23,1203.6924999999999,1093.201929831031,1185.423081449921,1.3877662764320915,0.4126832747939491,15.702382472226326,3.391080583067787
2010-09-20,80.79,2.624,211.2552578,8.099,0.0,0.0,0.0,0.0,0.0,0,0,0,0,0,0,0,825.83,38,9,2010,80.79,2.624,211.2552578,8.099,2,0,0,2,931.3716170470913,1147.2772431409894,1125.352340973294,1145.7314739136668,645.53,956.6501611926614,1017.71,1073.5112895412913,1060.46,1073.5112895412913,645.53,955.9106447706456,249.74764107810813,444.37981012162027,435.1122291635611,444.96702374937524,254.982705295869,385.622914255632,62373.88422407953,197473.41564372726,189322.6519676833,197995.65222437706,65016.179999999986,148705.0319990065,214.5130614840879,224.76686181996322,227.40614947479537,225.7401008283969,180.3,305.84266119266135,1335.95,3762.39,3762.39,3762.39,825.83,1596.75,465.23,800.17,642.64,800.17,465.23,465.23,1102.87,1090.554683001021,1149.463773304929,0.5171943009237514,0.2134374378099809,15.851488694579146,3.407823196088788
2011-09-19,75.68,3.467,216.0282356,7.852,0.0,0.0,0.0,0.0,0.0,0,0,0,0,0,0,0,465.23,38,9,2011,75.68,3.467,216.0282356,7.852,2,2,1,1,931.3716170470913,831.5671328166793,839.7081772548048,846.9493329093012,645.53,956.6501611926614,1017.71,752.99,772.77,792.55,645.53,955.9106447706456,249.74764107810813,278.10342678246803,265.6586931552889,274.57064672786163,254.982705295869,385.622914255632,62373.88422407953,77341.51598815156,70574.54124897596,75389.04004455618,65016.179999999986,148705.0319990065,214.5130614840879,211.72820238010343,205.57818354752587,214.35025572846118,180.3,305.84266119266135,1335.95,1646.8,1646.8,1646.8,825.83,1596.75,465.23,465.23,465.23,465.23,465.23,465.23,1009.6,1084.4240488539522,1081.040395974436,0.563348388893598,0.12023963671983025,15.655599219295558,3.365574972783371
2010-09-27,0.0,0.0,0.0,0.0,0.0,0.0,0.0,0.0,0.0,1,0,0,0,0,0,0,1073.5112895412913,39,9,2010,80.7214996409335,2.6349900536258692,211.05279355170995,8.110818946411893,2,0,0,2,931.3716170470913,1147.2772431409894,1125.352340973294,1145.7314739136668,773.6856447706457,956.6501611926614,1017.71,1073.5112895412913,1060.46,1073.5112895412913,773.6856447706457,955.9106447706456,249.74764107810813,444.37981012162027,435.1122291635611,444.96702374937524,424.0174931819049,385.622914255632,62373.88422407953,197473.41564372726,189322.6519676833,197995.65222437706,179790.8345242668,148705.0319990065,214.5130614840879,224.76686181996322,227.40614947479537,225.7401008283969,299.8256447706456,305.84266119266135,1335.95,3762.39,3762.39,3762.39,1073.5112895412913,1596.75,465.23,800.17,642.64,800.17,473.86,465.23,990.3303223853229,1084.3180997344116,1080.2874853311216,2.3074850924086823,0.2774511692476439,15.833887028904293,3.3821589945418036
2011-09-26,78.91,3.355,216.3620333,7.852,0.0,0.0,0.0,0.0,0.0,0,0,0,0,0,0,0,473.86,39,9,2011,78.91,3.355,216.3620333,7.852,2,1,2,1,931.3716170470913,1204.1924083384008,1371.4393891717273,846.9493329093012,773.6856447706457,956.6501611926614,1017.71,1004.2800751569296,1350.79,792.55,773.6856447706457,955.9106447706456,249.74764107810813,712.7183297571955,848.7061781684581,274.57064672786163,424.0174931819049,385.622914255632,62373.88422407953,507967.41757188656,720302.1768613106,75389.04004455618,179790.8345242668,148705.0319990065,214.5130614840879,483.73243021085847,565.4006817831757,214.35025572846118,299.8256447706456,305.84266119266135,1335.95,3869.19,3869.19,1646.8,1073.5112895412913,1596.75,465.23,473.86,473.86,465.23,473.86,465.23,709.607822385323,1078.4483103138884,1019.6447367980095,0.44141128706944405,0.12247007771652466,15.658808994359868,3.3446684884176903
